lat,long,altitude,activity_id,activity_name,activity_type
-33.599935,-70.575869,697.9,7261716303,Camino a Buin,Ride
-33.599935,-70.575869,697.9,7261716303,Camino a Buin,Ride
-33.599935,-70.575869,697.9,7261716303,Camino a Buin,Ride
-33.599935,-70.575869,697.9,7261716303,Camino a Buin,Ride
-33.599935,-70.575869,697.9,7261716303,Camino a Buin,Ride
-33.599935,-70.575869,697.9,7261716303,Camino a Buin,Ride
-33.600055,-70.575925,697.9,7261716303,Camino a Buin,Ride
-33.600032,-70.575921,697.9,7261716303,Camino a Buin,Ride
-33.600016,-70.57593,697.9,7261716303,Camino a Buin,Ride
-33.599976,-70.575983,697.9,7261716303,Camino a Buin,Ride
-33.599988,-70.576153,697.5,7261716303,Camino a Buin,Ride
-33.599998,-70.576274,697.1,7261716303,Camino a Buin,Ride
-33.600009,-70.576348,696.9,7261716303,Camino a Buin,Ride
-33.600055,-70.576556,695.4,7261716303,Camino a Buin,Ride
-33.600134,-70.576584,694.6,7261716303,Camino a Buin,Ride
-33.600313,-70.576586,693.9,7261716303,Camino a Buin,Ride
-33.600433,-70.576588,693.6,7261716303,Camino a Buin,Ride
-33.600516,-70.576578,693.4,7261716303,Camino a Buin,Ride
-33.600689,-70.576566,693.1,7261716303,Camino a Buin,Ride
-33.600722,-70.576531,693.0,7261716303,Camino a Buin,Ride
-33.600734,-70.576465,693.0,7261716303,Camino a Buin,Ride
-33.600732,-70.57634,693.0,7261716303,Camino a Buin,Ride
-33.60073,-70.576192,693.1,7261716303,Camino a Buin,Ride
-33.600728,-70.576146,693.1,7261716303,Camino a Buin,Ride
-33.600689,-70.575807,694.7,7261716303,Camino a Buin,Ride
-33.600652,-70.575357,694.7,7261716303,Camino a Buin,Ride
-33.600614,-70.574984,695.2,7261716303,Camino a Buin,Ride
-33.600601,-70.574789,695.4,7261716303,Camino a Buin,Ride
-33.600604,-70.574648,695.5,7261716303,Camino a Buin,Ride
-33.600597,-70.574474,695.7,7261716303,Camino a Buin,Ride
-33.600588,-70.574325,695.8,7261716303,Camino a Buin,Ride
-33.600661,-70.574264,695.7,7261716303,Camino a Buin,Ride
-33.600862,-70.574272,695.5,7261716303,Camino a Buin,Ride
-33.601133,-70.574204,695.2,7261716303,Camino a Buin,Ride
-33.601246,-70.574189,695.1,7261716303,Camino a Buin,Ride
-33.60139,-70.574165,695.0,7261716303,Camino a Buin,Ride
-33.601432,-70.574156,695.0,7261716303,Camino a Buin,Ride
-33.60178,-70.574083,695.3,7261716303,Camino a Buin,Ride
-33.601822,-70.574071,695.4,7261716303,Camino a Buin,Ride
-33.601892,-70.574036,695.5,7261716303,Camino a Buin,Ride
-33.601957,-70.574018,695.5,7261716303,Camino a Buin,Ride
-33.602223,-70.573947,695.5,7261716303,Camino a Buin,Ride
-33.602423,-70.573908,695.5,7261716303,Camino a Buin,Ride
-33.602454,-70.574019,695.3,7261716303,Camino a Buin,Ride
-33.602465,-70.574222,695.1,7261716303,Camino a Buin,Ride
-33.602487,-70.574359,694.9,7261716303,Camino a Buin,Ride
-33.602523,-70.574615,694.5,7261716303,Camino a Buin,Ride
-33.602581,-70.575074,694.0,7261716303,Camino a Buin,Ride
-33.602599,-70.575225,693.9,7261716303,Camino a Buin,Ride
-33.602623,-70.575374,693.7,7261716303,Camino a Buin,Ride
-33.602633,-70.575426,693.7,7261716303,Camino a Buin,Ride
-33.602661,-70.575696,693.5,7261716303,Camino a Buin,Ride
-33.602679,-70.57588,693.4,7261716303,Camino a Buin,Ride
-33.602719,-70.576116,693.2,7261716303,Camino a Buin,Ride
-33.602728,-70.576239,693.2,7261716303,Camino a Buin,Ride
-33.602724,-70.576264,693.2,7261716303,Camino a Buin,Ride
-33.602743,-70.576408,693.1,7261716303,Camino a Buin,Ride
-33.602729,-70.576526,693.1,7261716303,Camino a Buin,Ride
-33.602754,-70.576555,693.1,7261716303,Camino a Buin,Ride
-33.602788,-70.576643,693.1,7261716303,Camino a Buin,Ride
-33.602795,-70.57667,693.1,7261716303,Camino a Buin,Ride
-33.602811,-70.576704,693.1,7261716303,Camino a Buin,Ride
-33.60284,-70.576804,693.1,7261716303,Camino a Buin,Ride
-33.602846,-70.576861,693.2,7261716303,Camino a Buin,Ride
-33.602846,-70.576861,693.2,7261716303,Camino a Buin,Ride
-33.602846,-70.576861,693.2,7261716303,Camino a Buin,Ride
-33.602846,-70.576861,693.2,7261716303,Camino a Buin,Ride
-33.602846,-70.576861,693.2,7261716303,Camino a Buin,Ride
-33.602846,-70.576861,693.2,7261716303,Camino a Buin,Ride
-33.602848,-70.576928,693.2,7261716303,Camino a Buin,Ride
-33.602868,-70.577098,693.4,7261716303,Camino a Buin,Ride
-33.602913,-70.577356,692.9,7261716303,Camino a Buin,Ride
-33.602957,-70.577527,692.4,7261716303,Camino a Buin,Ride
-33.60299,-70.577692,692.0,7261716303,Camino a Buin,Ride
-33.603009,-70.57784,691.7,7261716303,Camino a Buin,Ride
-33.603031,-70.577993,691.4,7261716303,Camino a Buin,Ride
-33.60305,-70.57814,691.1,7261716303,Camino a Buin,Ride
-33.603067,-70.578289,691.0,7261716303,Camino a Buin,Ride
-33.603121,-70.578797,690.6,7261716303,Camino a Buin,Ride
-33.603186,-70.579367,689.9,7261716303,Camino a Buin,Ride
-33.603234,-70.580082,689.2,7261716303,Camino a Buin,Ride
-33.603315,-70.580777,688.6,7261716303,Camino a Buin,Ride
-33.603357,-70.581096,688.4,7261716303,Camino a Buin,Ride
-33.603439,-70.581823,687.8,7261716303,Camino a Buin,Ride
-33.603447,-70.581887,687.8,7261716303,Camino a Buin,Ride
-33.60346,-70.582047,687.6,7261716303,Camino a Buin,Ride
-33.603478,-70.582162,687.5,7261716303,Camino a Buin,Ride
-33.603531,-70.582509,687.3,7261716303,Camino a Buin,Ride
-33.60359,-70.583212,686.6,7261716303,Camino a Buin,Ride
-33.603605,-70.58358,686.2,7261716303,Camino a Buin,Ride
-33.60363,-70.583798,686.0,7261716303,Camino a Buin,Ride
-33.603714,-70.584477,685.2,7261716303,Camino a Buin,Ride
-33.603785,-70.585119,684.6,7261716303,Camino a Buin,Ride
-33.60387,-70.585809,684.1,7261716303,Camino a Buin,Ride
-33.603881,-70.585888,684.0,7261716303,Camino a Buin,Ride
-33.603959,-70.586537,683.1,7261716303,Camino a Buin,Ride
-33.603973,-70.586686,683.0,7261716303,Camino a Buin,Ride
-33.60405,-70.587238,682.8,7261716303,Camino a Buin,Ride
-33.604076,-70.587454,682.8,7261716303,Camino a Buin,Ride
-33.604103,-70.587686,682.5,7261716303,Camino a Buin,Ride
-33.604142,-70.588079,681.8,7261716303,Camino a Buin,Ride
-33.60421,-70.588636,681.5,7261716303,Camino a Buin,Ride
-33.604304,-70.589349,681.0,7261716303,Camino a Buin,Ride
-33.604313,-70.58943,681.0,7261716303,Camino a Buin,Ride
-33.604397,-70.590157,680.3,7261716303,Camino a Buin,Ride
-33.604404,-70.590229,680.2,7261716303,Camino a Buin,Ride
-33.60443,-70.590452,680.1,7261716303,Camino a Buin,Ride
-33.604488,-70.590829,679.8,7261716303,Camino a Buin,Ride
-33.604618,-70.591415,679.2,7261716303,Camino a Buin,Ride
-33.604711,-70.592111,678.7,7261716303,Camino a Buin,Ride
-33.604773,-70.592662,678.2,7261716303,Camino a Buin,Ride
-33.604847,-70.593321,677.5,7261716303,Camino a Buin,Ride
-33.604855,-70.593399,677.4,7261716303,Camino a Buin,Ride
-33.604935,-70.594049,676.6,7261716303,Camino a Buin,Ride
-33.604947,-70.594132,676.5,7261716303,Camino a Buin,Ride
-33.605029,-70.594766,675.8,7261716303,Camino a Buin,Ride
-33.605135,-70.59547,675.1,7261716303,Camino a Buin,Ride
-33.605147,-70.595535,675.0,7261716303,Camino a Buin,Ride
-33.605247,-70.596221,674.2,7261716303,Camino a Buin,Ride
-33.60526,-70.596309,674.1,7261716303,Camino a Buin,Ride
-33.60533,-70.596815,673.8,7261716303,Camino a Buin,Ride
-33.605356,-70.597013,673.7,7261716303,Camino a Buin,Ride
-33.605467,-70.59772,672.7,7261716303,Camino a Buin,Ride
-33.605483,-70.597811,672.6,7261716303,Camino a Buin,Ride
-33.605615,-70.598613,671.6,7261716303,Camino a Buin,Ride
-33.605729,-70.599296,671.1,7261716303,Camino a Buin,Ride
-33.605744,-70.599402,671.0,7261716303,Camino a Buin,Ride
-33.605853,-70.600098,670.9,7261716303,Camino a Buin,Ride
-33.605913,-70.600524,670.8,7261716303,Camino a Buin,Ride
-33.606014,-70.601191,670.7,7261716303,Camino a Buin,Ride
-33.606101,-70.601951,670.3,7261716303,Camino a Buin,Ride
-33.606148,-70.602298,670.2,7261716303,Camino a Buin,Ride
-33.606232,-70.602924,669.6,7261716303,Camino a Buin,Ride
-33.606241,-70.602979,669.5,7261716303,Camino a Buin,Ride
-33.606245,-70.603047,669.5,7261716303,Camino a Buin,Ride
-33.606252,-70.603049,669.5,7261716303,Camino a Buin,Ride
-33.606252,-70.603049,669.5,7261716303,Camino a Buin,Ride
-33.606253,-70.60305,669.5,7261716303,Camino a Buin,Ride
-33.606252,-70.603109,669.5,7261716303,Camino a Buin,Ride
-33.60625,-70.60314,669.6,7261716303,Camino a Buin,Ride
-33.606255,-70.60327,669.6,7261716303,Camino a Buin,Ride
-33.60626,-70.603281,669.6,7261716303,Camino a Buin,Ride
-33.606262,-70.603284,669.6,7261716303,Camino a Buin,Ride
-33.606262,-70.603284,669.6,7261716303,Camino a Buin,Ride
-33.606262,-70.603284,669.6,7261716303,Camino a Buin,Ride
-33.606262,-70.603284,669.6,7261716303,Camino a Buin,Ride
-33.606266,-70.603284,669.6,7261716303,Camino a Buin,Ride
-33.606289,-70.603282,669.6,7261716303,Camino a Buin,Ride
-33.606339,-70.603273,669.6,7261716303,Camino a Buin,Ride
-33.606367,-70.603269,669.6,7261716303,Camino a Buin,Ride
-33.606466,-70.603251,669.7,7261716303,Camino a Buin,Ride
-33.606466,-70.603251,669.7,7261716303,Camino a Buin,Ride
-33.606466,-70.603251,669.7,7261716303,Camino a Buin,Ride
-33.606466,-70.603251,669.7,7261716303,Camino a Buin,Ride
-33.606466,-70.603251,669.7,7261716303,Camino a Buin,Ride
-33.606466,-70.603251,669.7,7261716303,Camino a Buin,Ride
-33.606466,-70.603251,669.7,7261716303,Camino a Buin,Ride
-33.606475,-70.603281,669.7,7261716303,Camino a Buin,Ride
-33.606482,-70.60333,669.9,7261716303,Camino a Buin,Ride
-33.606484,-70.60351,670.2,7261716303,Camino a Buin,Ride
-33.606502,-70.603717,670.5,7261716303,Camino a Buin,Ride
-33.606553,-70.604069,670.3,7261716303,Camino a Buin,Ride
-33.606569,-70.604169,670.1,7261716303,Camino a Buin,Ride
-33.606595,-70.60438,670.0,7261716303,Camino a Buin,Ride
-33.606612,-70.604465,669.9,7261716303,Camino a Buin,Ride
-33.606654,-70.604541,669.8,7261716303,Camino a Buin,Ride
-33.606661,-70.604546,669.8,7261716303,Camino a Buin,Ride
-33.606661,-70.604546,669.8,7261716303,Camino a Buin,Ride
-33.606661,-70.604546,669.8,7261716303,Camino a Buin,Ride
-33.606658,-70.604559,669.8,7261716303,Camino a Buin,Ride
-33.606664,-70.604599,669.7,7261716303,Camino a Buin,Ride
-33.606673,-70.604669,669.9,7261716303,Camino a Buin,Ride
-33.606678,-70.604674,669.6,7261716303,Camino a Buin,Ride
-33.606709,-70.604664,669.5,7261716303,Camino a Buin,Ride
-33.606823,-70.604648,669.3,7261716303,Camino a Buin,Ride
-33.607086,-70.604602,668.8,7261716303,Camino a Buin,Ride
-33.607464,-70.604526,668.8,7261716303,Camino a Buin,Ride
-33.607969,-70.604411,669.3,7261716303,Camino a Buin,Ride
-33.608307,-70.604324,669.6,7261716303,Camino a Buin,Ride
-33.608582,-70.604245,669.8,7261716303,Camino a Buin,Ride
-33.609155,-70.604056,670.3,7261716303,Camino a Buin,Ride
-33.609644,-70.603889,670.7,7261716303,Camino a Buin,Ride
-33.610164,-70.603678,671.1,7261716303,Camino a Buin,Ride
-33.610218,-70.603656,671.1,7261716303,Camino a Buin,Ride
-33.610639,-70.603473,671.4,7261716303,Camino a Buin,Ride
-33.610789,-70.603403,671.5,7261716303,Camino a Buin,Ride
-33.611302,-70.603123,671.8,7261716303,Camino a Buin,Ride
-33.611356,-70.603098,671.9,7261716303,Camino a Buin,Ride
-33.611562,-70.603014,672.1,7261716303,Camino a Buin,Ride
-33.611931,-70.602795,672.2,7261716303,Camino a Buin,Ride
-33.61224,-70.602585,672.4,7261716303,Camino a Buin,Ride
-33.612286,-70.602556,672.4,7261716303,Camino a Buin,Ride
-33.61262,-70.602363,672.6,7261716303,Camino a Buin,Ride
-33.612709,-70.60231,672.7,7261716303,Camino a Buin,Ride
-33.612927,-70.602145,673.0,7261716303,Camino a Buin,Ride
-33.613285,-70.601892,673.1,7261716303,Camino a Buin,Ride
-33.613326,-70.60186,673.1,7261716303,Camino a Buin,Ride
-33.613736,-70.601578,673.3,7261716303,Camino a Buin,Ride
-33.614172,-70.601292,673.5,7261716303,Camino a Buin,Ride
-33.614514,-70.601092,673.6,7261716303,Camino a Buin,Ride
-33.614997,-70.600814,674.3,7261716303,Camino a Buin,Ride
-33.615292,-70.600657,674.4,7261716303,Camino a Buin,Ride
-33.615411,-70.600585,674.2,7261716303,Camino a Buin,Ride
-33.615588,-70.600516,674.5,7261716303,Camino a Buin,Ride
-33.615765,-70.60043,674.7,7261716303,Camino a Buin,Ride
-33.6158,-70.600412,674.7,7261716303,Camino a Buin,Ride
-33.615941,-70.600373,674.2,7261716303,Camino a Buin,Ride
-33.616131,-70.600301,674.0,7261716303,Camino a Buin,Ride
-33.616419,-70.60019,673.7,7261716303,Camino a Buin,Ride
-33.616818,-70.60005,673.2,7261716303,Camino a Buin,Ride
-33.617264,-70.599906,672.5,7261716303,Camino a Buin,Ride
-33.617727,-70.599739,671.6,7261716303,Camino a Buin,Ride
-33.618293,-70.599606,670.7,7261716303,Camino a Buin,Ride
-33.618849,-70.599492,670.1,7261716303,Camino a Buin,Ride
-33.618987,-70.599462,669.9,7261716303,Camino a Buin,Ride
-33.619176,-70.599428,669.6,7261716303,Camino a Buin,Ride
-33.619213,-70.599422,669.5,7261716303,Camino a Buin,Ride
-33.619456,-70.599367,668.9,7261716303,Camino a Buin,Ride
-33.619575,-70.599346,668.7,7261716303,Camino a Buin,Ride
-33.619736,-70.599312,668.3,7261716303,Camino a Buin,Ride
-33.619791,-70.59929,668.2,7261716303,Camino a Buin,Ride
-33.619949,-70.599232,667.8,7261716303,Camino a Buin,Ride
-33.620021,-70.599204,667.7,7261716303,Camino a Buin,Ride
-33.620087,-70.599188,667.6,7261716303,Camino a Buin,Ride
-33.62021,-70.599171,667.4,7261716303,Camino a Buin,Ride
-33.620789,-70.599109,666.4,7261716303,Camino a Buin,Ride
-33.621257,-70.599035,665.7,7261716303,Camino a Buin,Ride
-33.621685,-70.598958,665.2,7261716303,Camino a Buin,Ride
-33.621825,-70.598935,665.1,7261716303,Camino a Buin,Ride
-33.622358,-70.598838,665.1,7261716303,Camino a Buin,Ride
-33.622865,-70.598736,665.5,7261716303,Camino a Buin,Ride
-33.623422,-70.598646,665.6,7261716303,Camino a Buin,Ride
-33.62383,-70.598577,665.7,7261716303,Camino a Buin,Ride
-33.624283,-70.598542,665.8,7261716303,Camino a Buin,Ride
-33.62468,-70.598518,666.0,7261716303,Camino a Buin,Ride
-33.624847,-70.598509,666.1,7261716303,Camino a Buin,Ride
-33.625184,-70.598523,666.2,7261716303,Camino a Buin,Ride
-33.625352,-70.59853,666.3,7261716303,Camino a Buin,Ride
-33.625899,-70.598592,666.3,7261716303,Camino a Buin,Ride
-33.62646,-70.598727,665.9,7261716303,Camino a Buin,Ride
-33.626517,-70.598742,665.8,7261716303,Camino a Buin,Ride
-33.626992,-70.598891,665.2,7261716303,Camino a Buin,Ride
-33.627402,-70.59907,664.7,7261716303,Camino a Buin,Ride
-33.627758,-70.599261,664.2,7261716303,Camino a Buin,Ride
-33.627816,-70.599293,664.2,7261716303,Camino a Buin,Ride
-33.628257,-70.599595,663.8,7261716303,Camino a Buin,Ride
-33.628574,-70.599843,663.5,7261716303,Camino a Buin,Ride
-33.628844,-70.600077,663.4,7261716303,Camino a Buin,Ride
-33.629086,-70.600307,663.3,7261716303,Camino a Buin,Ride
-33.629171,-70.600396,663.3,7261716303,Camino a Buin,Ride
-33.6295,-70.60077,663.0,7261716303,Camino a Buin,Ride
-33.629644,-70.600942,662.7,7261716303,Camino a Buin,Ride
-33.629693,-70.601024,662.7,7261716303,Camino a Buin,Ride
-33.629833,-70.601214,662.9,7261716303,Camino a Buin,Ride
-33.629917,-70.601349,662.7,7261716303,Camino a Buin,Ride
-33.630118,-70.6017,662.1,7261716303,Camino a Buin,Ride
-33.630208,-70.601866,662.0,7261716303,Camino a Buin,Ride
-33.63028,-70.601976,661.9,7261716303,Camino a Buin,Ride
-33.630516,-70.602473,661.3,7261716303,Camino a Buin,Ride
-33.630592,-70.602658,661.1,7261716303,Camino a Buin,Ride
-33.63066,-70.602852,660.8,7261716303,Camino a Buin,Ride
-33.630843,-70.603376,660.2,7261716303,Camino a Buin,Ride
-33.631015,-70.60398,659.5,7261716303,Camino a Buin,Ride
-33.631146,-70.604544,659.0,7261716303,Camino a Buin,Ride
-33.631268,-70.605187,658.3,7261716303,Camino a Buin,Ride
-33.631295,-70.605336,658.1,7261716303,Camino a Buin,Ride
-33.631389,-70.605935,657.6,7261716303,Camino a Buin,Ride
-33.631487,-70.606565,656.9,7261716303,Camino a Buin,Ride
-33.631526,-70.606824,656.7,7261716303,Camino a Buin,Ride
-33.631556,-70.607067,656.5,7261716303,Camino a Buin,Ride
-33.631626,-70.607609,655.9,7261716303,Camino a Buin,Ride
-33.631731,-70.608257,655.3,7261716303,Camino a Buin,Ride
-33.631797,-70.608682,654.7,7261716303,Camino a Buin,Ride
-33.631892,-70.609324,654.0,7261716303,Camino a Buin,Ride
-33.631911,-70.609467,653.9,7261716303,Camino a Buin,Ride
-33.631963,-70.609746,653.6,7261716303,Camino a Buin,Ride
-33.632017,-70.610014,653.5,7261716303,Camino a Buin,Ride
-33.632145,-70.610479,653.3,7261716303,Camino a Buin,Ride
-33.632253,-70.611155,652.4,7261716303,Camino a Buin,Ride
-33.632272,-70.611288,652.3,7261716303,Camino a Buin,Ride
-33.632296,-70.611411,652.3,7261716303,Camino a Buin,Ride
-33.632319,-70.611605,652.0,7261716303,Camino a Buin,Ride
-33.632354,-70.611931,650.7,7261716303,Camino a Buin,Ride
-33.632433,-70.612411,650.0,7261716303,Camino a Buin,Ride
-33.632473,-70.61273,649.6,7261716303,Camino a Buin,Ride
-33.632481,-70.612796,649.5,7261716303,Camino a Buin,Ride
-33.632495,-70.612928,649.3,7261716303,Camino a Buin,Ride
-33.632516,-70.61305,649.2,7261716303,Camino a Buin,Ride
-33.632537,-70.613191,649.2,7261716303,Camino a Buin,Ride
-33.632546,-70.613263,649.1,7261716303,Camino a Buin,Ride
-33.632587,-70.613629,648.7,7261716303,Camino a Buin,Ride
-33.632633,-70.613904,648.4,7261716303,Camino a Buin,Ride
-33.632689,-70.614355,647.8,7261716303,Camino a Buin,Ride
-33.632738,-70.614783,647.3,7261716303,Camino a Buin,Ride
-33.632757,-70.614938,647.3,7261716303,Camino a Buin,Ride
-33.632782,-70.615157,647.4,7261716303,Camino a Buin,Ride
-33.632843,-70.615751,646.4,7261716303,Camino a Buin,Ride
-33.632879,-70.616056,645.7,7261716303,Camino a Buin,Ride
-33.632929,-70.61635,645.5,7261716303,Camino a Buin,Ride
-33.633008,-70.616864,645.0,7261716303,Camino a Buin,Ride
-33.633016,-70.616934,645.0,7261716303,Camino a Buin,Ride
-33.633043,-70.617196,644.7,7261716303,Camino a Buin,Ride
-33.63305,-70.617251,644.7,7261716303,Camino a Buin,Ride
-33.633077,-70.61737,644.6,7261716303,Camino a Buin,Ride
-33.633087,-70.617587,644.5,7261716303,Camino a Buin,Ride
-33.633088,-70.617643,644.5,7261716303,Camino a Buin,Ride
-33.633122,-70.617885,644.3,7261716303,Camino a Buin,Ride
-33.633142,-70.618002,644.2,7261716303,Camino a Buin,Ride
-33.633176,-70.618311,643.9,7261716303,Camino a Buin,Ride
-33.633222,-70.618662,643.7,7261716303,Camino a Buin,Ride
-33.633222,-70.618687,643.7,7261716303,Camino a Buin,Ride
-33.633232,-70.618689,643.7,7261716303,Camino a Buin,Ride
-33.633264,-70.618693,643.7,7261716303,Camino a Buin,Ride
-33.633308,-70.618697,643.6,7261716303,Camino a Buin,Ride
-33.633335,-70.618719,643.6,7261716303,Camino a Buin,Ride
-33.633356,-70.618787,643.6,7261716303,Camino a Buin,Ride
-33.633395,-70.61908,643.3,7261716303,Camino a Buin,Ride
-33.633452,-70.619519,643.0,7261716303,Camino a Buin,Ride
-33.633508,-70.619918,642.5,7261716303,Camino a Buin,Ride
-33.633534,-70.620121,642.3,7261716303,Camino a Buin,Ride
-33.633578,-70.62039,641.8,7261716303,Camino a Buin,Ride
-33.633626,-70.620686,641.2,7261716303,Camino a Buin,Ride
-33.633654,-70.620873,641.1,7261716303,Camino a Buin,Ride
-33.63372,-70.621265,640.9,7261716303,Camino a Buin,Ride
-33.633747,-70.621494,640.5,7261716303,Camino a Buin,Ride
-33.63377,-70.621682,640.2,7261716303,Camino a Buin,Ride
-33.633821,-70.622008,640.0,7261716303,Camino a Buin,Ride
-33.633853,-70.622136,639.9,7261716303,Camino a Buin,Ride
-33.633875,-70.622189,639.9,7261716303,Camino a Buin,Ride
-33.633903,-70.622332,639.7,7261716303,Camino a Buin,Ride
-33.633927,-70.622465,639.6,7261716303,Camino a Buin,Ride
-33.633921,-70.622502,639.5,7261716303,Camino a Buin,Ride
-33.633921,-70.622502,639.5,7261716303,Camino a Buin,Ride
-33.633917,-70.622518,639.5,7261716303,Camino a Buin,Ride
-33.633911,-70.622547,639.5,7261716303,Camino a Buin,Ride
-33.633891,-70.622662,639.4,7261716303,Camino a Buin,Ride
-33.633895,-70.622871,639.2,7261716303,Camino a Buin,Ride
-33.633931,-70.623159,639.1,7261716303,Camino a Buin,Ride
-33.633947,-70.623261,639.0,7261716303,Camino a Buin,Ride
-33.633952,-70.623365,639.0,7261716303,Camino a Buin,Ride
-33.633947,-70.623411,639.0,7261716303,Camino a Buin,Ride
-33.633944,-70.623592,639.8,7261716303,Camino a Buin,Ride
-33.633997,-70.624036,640.6,7261716303,Camino a Buin,Ride
-33.634067,-70.624576,641.7,7261716303,Camino a Buin,Ride
-33.634105,-70.624835,640.9,7261716303,Camino a Buin,Ride
-33.634123,-70.624954,640.4,7261716303,Camino a Buin,Ride
-33.634145,-70.625178,639.9,7261716303,Camino a Buin,Ride
-33.634186,-70.625457,639.1,7261716303,Camino a Buin,Ride
-33.634211,-70.625619,639.1,7261716303,Camino a Buin,Ride
-33.63424,-70.625824,639.1,7261716303,Camino a Buin,Ride
-33.634265,-70.62607,639.6,7261716303,Camino a Buin,Ride
-33.634305,-70.626377,639.1,7261716303,Camino a Buin,Ride
-33.634343,-70.626634,638.5,7261716303,Camino a Buin,Ride
-33.634398,-70.626994,638.0,7261716303,Camino a Buin,Ride
-33.634399,-70.627052,638.0,7261716303,Camino a Buin,Ride
-33.63444,-70.627447,637.9,7261716303,Camino a Buin,Ride
-33.634463,-70.627654,637.8,7261716303,Camino a Buin,Ride
-33.634472,-70.627745,637.6,7261716303,Camino a Buin,Ride
-33.634477,-70.627793,637.5,7261716303,Camino a Buin,Ride
-33.634514,-70.628097,637.0,7261716303,Camino a Buin,Ride
-33.634527,-70.628229,637.1,7261716303,Camino a Buin,Ride
-33.634534,-70.628282,637.1,7261716303,Camino a Buin,Ride
-33.634536,-70.628338,637.1,7261716303,Camino a Buin,Ride
-33.634538,-70.628645,636.9,7261716303,Camino a Buin,Ride
-33.634523,-70.628771,636.8,7261716303,Camino a Buin,Ride
-33.634515,-70.628888,635.5,7261716303,Camino a Buin,Ride
-33.634526,-70.629078,635.2,7261716303,Camino a Buin,Ride
-33.634526,-70.629126,635.1,7261716303,Camino a Buin,Ride
-33.634506,-70.629405,634.6,7261716303,Camino a Buin,Ride
-33.634503,-70.629463,634.5,7261716303,Camino a Buin,Ride
-33.634491,-70.62973,633.9,7261716303,Camino a Buin,Ride
-33.634482,-70.629775,633.9,7261716303,Camino a Buin,Ride
-33.634442,-70.629842,633.8,7261716303,Camino a Buin,Ride
-33.634412,-70.629891,633.8,7261716303,Camino a Buin,Ride
-33.634425,-70.629951,633.7,7261716303,Camino a Buin,Ride
-33.634436,-70.630005,633.7,7261716303,Camino a Buin,Ride
-33.634436,-70.630005,633.7,7261716303,Camino a Buin,Ride
-33.63446,-70.630008,633.7,7261716303,Camino a Buin,Ride
-33.634523,-70.630015,633.6,7261716303,Camino a Buin,Ride
-33.634533,-70.63001,633.6,7261716303,Camino a Buin,Ride
-33.634548,-70.630012,633.6,7261716303,Camino a Buin,Ride
-33.634605,-70.630031,633.6,7261716303,Camino a Buin,Ride
-33.634681,-70.630044,633.5,7261716303,Camino a Buin,Ride
-33.634742,-70.630048,633.5,7261716303,Camino a Buin,Ride
-33.634804,-70.630053,633.5,7261716303,Camino a Buin,Ride
-33.634865,-70.630057,633.5,7261716303,Camino a Buin,Ride
-33.634926,-70.630062,633.6,7261716303,Camino a Buin,Ride
-33.634987,-70.630066,633.6,7261716303,Camino a Buin,Ride
-33.635049,-70.630071,633.7,7261716303,Camino a Buin,Ride
-33.63511,-70.630075,633.8,7261716303,Camino a Buin,Ride
-33.635115,-70.630074,633.8,7261716303,Camino a Buin,Ride
-33.635182,-70.630088,633.9,7261716303,Camino a Buin,Ride
-33.635213,-70.630099,633.8,7261716303,Camino a Buin,Ride
-33.635362,-70.630206,633.4,7261716303,Camino a Buin,Ride
-33.635553,-70.630246,633.7,7261716303,Camino a Buin,Ride
-33.635597,-70.630254,633.8,7261716303,Camino a Buin,Ride
-33.635709,-70.630259,633.9,7261716303,Camino a Buin,Ride
-33.635843,-70.630278,634.0,7261716303,Camino a Buin,Ride
-33.635963,-70.630305,634.3,7261716303,Camino a Buin,Ride
-33.635975,-70.630294,634.2,7261716303,Camino a Buin,Ride
-33.635935,-70.630264,634.1,7261716303,Camino a Buin,Ride
-33.635791,-70.630239,633.9,7261716303,Camino a Buin,Ride
-33.635578,-70.630243,633.8,7261716303,Camino a Buin,Ride
-33.635435,-70.630226,633.5,7261716303,Camino a Buin,Ride
-33.635398,-70.630235,633.4,7261716303,Camino a Buin,Ride
-33.635368,-70.63025,633.3,7261716303,Camino a Buin,Ride
-33.635331,-70.630324,633.3,7261716303,Camino a Buin,Ride
-33.635219,-70.630649,633.1,7261716303,Camino a Buin,Ride
-33.635157,-70.630986,632.9,7261716303,Camino a Buin,Ride
-33.635152,-70.631035,632.9,7261716303,Camino a Buin,Ride
-33.635145,-70.631084,632.8,7261716303,Camino a Buin,Ride
-33.635112,-70.631347,632.7,7261716303,Camino a Buin,Ride
-33.635087,-70.631783,632.4,7261716303,Camino a Buin,Ride
-33.635026,-70.632273,632.2,7261716303,Camino a Buin,Ride
-33.634964,-70.632804,631.9,7261716303,Camino a Buin,Ride
-33.634875,-70.633148,631.7,7261716303,Camino a Buin,Ride
-33.634743,-70.633445,631.5,7261716303,Camino a Buin,Ride
-33.634698,-70.63358,631.4,7261716303,Camino a Buin,Ride
-33.634672,-70.633674,631.3,7261716303,Camino a Buin,Ride
-33.634656,-70.633764,631.3,7261716303,Camino a Buin,Ride
-33.634649,-70.63386,631.2,7261716303,Camino a Buin,Ride
-33.634665,-70.633964,631.2,7261716303,Camino a Buin,Ride
-33.634678,-70.634014,631.1,7261716303,Camino a Buin,Ride
-33.634704,-70.634064,631.1,7261716303,Camino a Buin,Ride
-33.63475,-70.634106,631.1,7261716303,Camino a Buin,Ride
-33.634777,-70.63412,631.1,7261716303,Camino a Buin,Ride
-33.634777,-70.63412,631.1,7261716303,Camino a Buin,Ride
-33.634777,-70.63412,631.1,7261716303,Camino a Buin,Ride
-33.634787,-70.634119,631.1,7261716303,Camino a Buin,Ride
-33.634787,-70.634119,631.1,7261716303,Camino a Buin,Ride
-33.634787,-70.634119,631.1,7261716303,Camino a Buin,Ride
-33.634789,-70.634118,631.1,7261716303,Camino a Buin,Ride
-33.634794,-70.634119,631.1,7261716303,Camino a Buin,Ride
-33.634784,-70.634115,631.1,7261716303,Camino a Buin,Ride
-33.634767,-70.634108,631.1,7261716303,Camino a Buin,Ride
-33.634741,-70.634099,631.1,7261716303,Camino a Buin,Ride
-33.634696,-70.63405,631.2,7261716303,Camino a Buin,Ride
-33.634662,-70.633867,631.3,7261716303,Camino a Buin,Ride
-33.634664,-70.633712,631.4,7261716303,Camino a Buin,Ride
-33.634683,-70.633604,631.4,7261716303,Camino a Buin,Ride
-33.634704,-70.633535,631.5,7261716303,Camino a Buin,Ride
-33.634729,-70.633446,631.5,7261716303,Camino a Buin,Ride
-33.634746,-70.633398,631.5,7261716303,Camino a Buin,Ride
-33.634803,-70.633282,631.6,7261716303,Camino a Buin,Ride
-33.634894,-70.633093,631.7,7261716303,Camino a Buin,Ride
-33.634918,-70.633011,631.8,7261716303,Camino a Buin,Ride
-33.634984,-70.632714,631.9,7261716303,Camino a Buin,Ride
-33.63501,-70.632518,632.1,7261716303,Camino a Buin,Ride
-33.63507,-70.631969,632.4,7261716303,Camino a Buin,Ride
-33.635108,-70.631575,632.6,7261716303,Camino a Buin,Ride
-33.635113,-70.631429,632.7,7261716303,Camino a Buin,Ride
-33.635133,-70.631241,632.8,7261716303,Camino a Buin,Ride
-33.635176,-70.630868,633.0,7261716303,Camino a Buin,Ride
-33.635206,-70.630657,633.1,7261716303,Camino a Buin,Ride
-33.635257,-70.630505,633.2,7261716303,Camino a Buin,Ride
-33.63533,-70.630273,633.3,7261716303,Camino a Buin,Ride
-33.635327,-70.630244,633.3,7261716303,Camino a Buin,Ride
-33.635311,-70.630217,633.6,7261716303,Camino a Buin,Ride
-33.635311,-70.630217,633.6,7261716303,Camino a Buin,Ride
-33.635311,-70.630217,633.6,7261716303,Camino a Buin,Ride
-33.635309,-70.630223,633.6,7261716303,Camino a Buin,Ride
-33.635309,-70.630223,633.6,7261716303,Camino a Buin,Ride
-33.635315,-70.630225,633.6,7261716303,Camino a Buin,Ride
-33.635289,-70.630196,633.7,7261716303,Camino a Buin,Ride
-33.635268,-70.630178,633.8,7261716303,Camino a Buin,Ride
-33.635169,-70.630161,633.9,7261716303,Camino a Buin,Ride
-33.635128,-70.630153,633.8,7261716303,Camino a Buin,Ride
-33.635047,-70.630128,633.7,7261716303,Camino a Buin,Ride
-33.635024,-70.630139,633.7,7261716303,Camino a Buin,Ride
-33.635001,-70.63015,633.6,7261716303,Camino a Buin,Ride
-33.634978,-70.630161,633.6,7261716303,Camino a Buin,Ride
-33.634955,-70.630172,633.6,7261716303,Camino a Buin,Ride
-33.634932,-70.630183,633.6,7261716303,Camino a Buin,Ride
-33.634468,-70.630401,633.8,7261716303,Camino a Buin,Ride
-33.634467,-70.630463,633.8,7261716303,Camino a Buin,Ride
-33.634457,-70.6306,633.9,7261716303,Camino a Buin,Ride
-33.634455,-70.630623,633.9,7261716303,Camino a Buin,Ride
-33.634455,-70.630623,633.9,7261716303,Camino a Buin,Ride
-33.634452,-70.630659,634.0,7261716303,Camino a Buin,Ride
-33.63445,-70.63072,634.0,7261716303,Camino a Buin,Ride
-33.634446,-70.630965,634.4,7261716303,Camino a Buin,Ride
-33.634415,-70.631369,635.3,7261716303,Camino a Buin,Ride
-33.634409,-70.631444,635.4,7261716303,Camino a Buin,Ride
-33.634399,-70.631623,635.9,7261716303,Camino a Buin,Ride
-33.634367,-70.632003,637.0,7261716303,Camino a Buin,Ride
-33.63432,-70.632457,637.6,7261716303,Camino a Buin,Ride
-33.634269,-70.632881,637.5,7261716303,Camino a Buin,Ride
-33.63424,-70.633122,637.4,7261716303,Camino a Buin,Ride
-33.634206,-70.633432,637.1,7261716303,Camino a Buin,Ride
-33.634153,-70.633873,636.7,7261716303,Camino a Buin,Ride
-33.634142,-70.634008,636.5,7261716303,Camino a Buin,Ride
-33.634102,-70.63466,635.6,7261716303,Camino a Buin,Ride
-33.634098,-70.634736,635.5,7261716303,Camino a Buin,Ride
-33.634092,-70.635421,634.8,7261716303,Camino a Buin,Ride
-33.634094,-70.635498,634.7,7261716303,Camino a Buin,Ride
-33.634139,-70.636222,633.8,7261716303,Camino a Buin,Ride
-33.634185,-70.636793,633.1,7261716303,Camino a Buin,Ride
-33.634245,-70.637461,632.2,7261716303,Camino a Buin,Ride
-33.634259,-70.637632,631.9,7261716303,Camino a Buin,Ride
-33.634313,-70.638289,631.1,7261716303,Camino a Buin,Ride
-33.634326,-70.638451,630.9,7261716303,Camino a Buin,Ride
-33.634387,-70.639175,630.0,7261716303,Camino a Buin,Ride
-33.634391,-70.639254,629.9,7261716303,Camino a Buin,Ride
-33.634451,-70.639957,629.2,7261716303,Camino a Buin,Ride
-33.634468,-70.640112,629.0,7261716303,Camino a Buin,Ride
-33.634532,-70.640814,628.2,7261716303,Camino a Buin,Ride
-33.63454,-70.640892,628.1,7261716303,Camino a Buin,Ride
-33.6346,-70.641579,627.3,7261716303,Camino a Buin,Ride
-33.634612,-70.641729,627.1,7261716303,Camino a Buin,Ride
-33.634666,-70.642332,626.3,7261716303,Camino a Buin,Ride
-33.634723,-70.642996,625.8,7261716303,Camino a Buin,Ride
-33.634763,-70.643529,625.2,7261716303,Camino a Buin,Ride
-33.634823,-70.644237,624.6,7261716303,Camino a Buin,Ride
-33.634829,-70.644317,624.5,7261716303,Camino a Buin,Ride
-33.634872,-70.64487,623.9,7261716303,Camino a Buin,Ride
-33.634931,-70.645493,623.1,7261716303,Camino a Buin,Ride
-33.634978,-70.646178,622.4,7261716303,Camino a Buin,Ride
-33.634987,-70.646327,622.3,7261716303,Camino a Buin,Ride
-33.635012,-70.646625,622.1,7261716303,Camino a Buin,Ride
-33.635073,-70.647248,621.4,7261716303,Camino a Buin,Ride
-33.635131,-70.647983,620.6,7261716303,Camino a Buin,Ride
-33.635139,-70.648066,620.5,7261716303,Camino a Buin,Ride
-33.635206,-70.648739,619.7,7261716303,Camino a Buin,Ride
-33.635264,-70.649394,619.0,7261716303,Camino a Buin,Ride
-33.635296,-70.649788,618.6,7261716303,Camino a Buin,Ride
-33.63535,-70.650333,617.9,7261716303,Camino a Buin,Ride
-33.635367,-70.650478,617.9,7261716303,Camino a Buin,Ride
-33.635399,-70.650889,617.5,7261716303,Camino a Buin,Ride
-33.635464,-70.651591,617.0,7261716303,Camino a Buin,Ride
-33.635482,-70.651729,616.9,7261716303,Camino a Buin,Ride
-33.635589,-70.652422,616.3,7261716303,Camino a Buin,Ride
-33.635736,-70.653052,615.6,7261716303,Camino a Buin,Ride
-33.635816,-70.653341,615.3,7261716303,Camino a Buin,Ride
-33.636034,-70.654001,614.3,7261716303,Camino a Buin,Ride
-33.636063,-70.654074,614.1,7261716303,Camino a Buin,Ride
-33.636335,-70.65472,613.2,7261716303,Camino a Buin,Ride
-33.636638,-70.655337,612.4,7261716303,Camino a Buin,Ride
-33.636975,-70.6559,611.8,7261716303,Camino a Buin,Ride
-33.637329,-70.656403,611.6,7261716303,Camino a Buin,Ride
-33.637738,-70.656887,611.4,7261716303,Camino a Buin,Ride
-33.637833,-70.656993,611.4,7261716303,Camino a Buin,Ride
-33.638269,-70.657428,611.5,7261716303,Camino a Buin,Ride
-33.638512,-70.657647,611.6,7261716303,Camino a Buin,Ride
-33.63871,-70.657803,611.7,7261716303,Camino a Buin,Ride
-33.638903,-70.65794,611.8,7261716303,Camino a Buin,Ride
-33.639028,-70.658026,611.9,7261716303,Camino a Buin,Ride
-33.639066,-70.658053,611.9,7261716303,Camino a Buin,Ride
-33.639177,-70.658115,611.9,7261716303,Camino a Buin,Ride
-33.639207,-70.658138,611.9,7261716303,Camino a Buin,Ride
-33.639331,-70.65822,611.9,7261716303,Camino a Buin,Ride
-33.639416,-70.658281,611.9,7261716303,Camino a Buin,Ride
-33.639554,-70.658365,611.9,7261716303,Camino a Buin,Ride
-33.639637,-70.658408,612.0,7261716303,Camino a Buin,Ride
-33.640032,-70.658618,612.1,7261716303,Camino a Buin,Ride
-33.640451,-70.658805,612.2,7261716303,Camino a Buin,Ride
-33.640855,-70.658949,612.4,7261716303,Camino a Buin,Ride
-33.641287,-70.65907,612.5,7261716303,Camino a Buin,Ride
-33.641685,-70.65916,612.6,7261716303,Camino a Buin,Ride
-33.641887,-70.659183,612.6,7261716303,Camino a Buin,Ride
-33.642323,-70.659228,612.7,7261716303,Camino a Buin,Ride
-33.642775,-70.659242,612.8,7261716303,Camino a Buin,Ride
-33.643182,-70.659234,612.7,7261716303,Camino a Buin,Ride
-33.643343,-70.659224,612.7,7261716303,Camino a Buin,Ride
-33.643787,-70.659203,612.3,7261716303,Camino a Buin,Ride
-33.644072,-70.659187,612.2,7261716303,Camino a Buin,Ride
-33.644131,-70.659183,612.2,7261716303,Camino a Buin,Ride
-33.644547,-70.659157,611.8,7261716303,Camino a Buin,Ride
-33.645105,-70.659135,611.0,7261716303,Camino a Buin,Ride
-33.645231,-70.659134,610.7,7261716303,Camino a Buin,Ride
-33.64581,-70.659155,609.4,7261716303,Camino a Buin,Ride
-33.645947,-70.659166,609.0,7261716303,Camino a Buin,Ride
-33.646498,-70.65925,607.6,7261716303,Camino a Buin,Ride
-33.64657,-70.659261,607.4,7261716303,Camino a Buin,Ride
-33.64708,-70.659345,606.0,7261716303,Camino a Buin,Ride
-33.647649,-70.659519,604.4,7261716303,Camino a Buin,Ride
-33.647724,-70.659544,604.2,7261716303,Camino a Buin,Ride
-33.64825,-70.659741,602.6,7261716303,Camino a Buin,Ride
-33.648378,-70.659799,602.3,7261716303,Camino a Buin,Ride
-33.648905,-70.660052,600.8,7261716303,Camino a Buin,Ride
-33.64905,-70.660129,600.3,7261716303,Camino a Buin,Ride
-33.649261,-70.660253,599.7,7261716303,Camino a Buin,Ride
-33.649518,-70.660403,598.8,7261716303,Camino a Buin,Ride
-33.64972,-70.660521,598.1,7261716303,Camino a Buin,Ride
-33.649986,-70.66068,597.1,7261716303,Camino a Buin,Ride
-33.650226,-70.660832,596.2,7261716303,Camino a Buin,Ride
-33.650759,-70.661148,594.0,7261716303,Camino a Buin,Ride
-33.650833,-70.66119,593.6,7261716303,Camino a Buin,Ride
-33.651357,-70.661458,591.4,7261716303,Camino a Buin,Ride
-33.65194,-70.661699,589.5,7261716303,Camino a Buin,Ride
-33.652023,-70.661724,589.2,7261716303,Camino a Buin,Ride
-33.652575,-70.661878,588.2,7261716303,Camino a Buin,Ride
-33.652793,-70.66193,587.9,7261716303,Camino a Buin,Ride
-33.653003,-70.661968,587.8,7261716303,Camino a Buin,Ride
-33.653137,-70.661995,587.7,7261716303,Camino a Buin,Ride
-33.653428,-70.662037,587.5,7261716303,Camino a Buin,Ride
-33.654005,-70.662085,587.2,7261716303,Camino a Buin,Ride
-33.65453,-70.662084,586.7,7261716303,Camino a Buin,Ride
-33.654975,-70.662076,586.0,7261716303,Camino a Buin,Ride
-33.655172,-70.662071,585.8,7261716303,Camino a Buin,Ride
-33.655561,-70.662085,585.3,7261716303,Camino a Buin,Ride
-33.656063,-70.662133,584.8,7261716303,Camino a Buin,Ride
-33.656182,-70.662152,584.7,7261716303,Camino a Buin,Ride
-33.656427,-70.662201,584.3,7261716303,Camino a Buin,Ride
-33.656974,-70.66231,583.6,7261716303,Camino a Buin,Ride
-33.657021,-70.66232,583.6,7261716303,Camino a Buin,Ride
-33.657373,-70.662437,583.2,7261716303,Camino a Buin,Ride
-33.65778,-70.662603,582.7,7261716303,Camino a Buin,Ride
-33.657909,-70.662665,582.6,7261716303,Camino a Buin,Ride
-33.657969,-70.662692,582.6,7261716303,Camino a Buin,Ride
-33.658152,-70.66279,582.4,7261716303,Camino a Buin,Ride
-33.658462,-70.662955,582.3,7261716303,Camino a Buin,Ride
-33.658523,-70.663,582.3,7261716303,Camino a Buin,Ride
-33.658866,-70.663215,582.1,7261716303,Camino a Buin,Ride
-33.658918,-70.663253,582.1,7261716303,Camino a Buin,Ride
-33.65902,-70.663325,582.1,7261716303,Camino a Buin,Ride
-33.659183,-70.663412,582.0,7261716303,Camino a Buin,Ride
-33.659374,-70.663551,581.9,7261716303,Camino a Buin,Ride
-33.659514,-70.663659,581.8,7261716303,Camino a Buin,Ride
-33.659891,-70.664001,581.6,7261716303,Camino a Buin,Ride
-33.660318,-70.664443,581.5,7261716303,Camino a Buin,Ride
-33.660707,-70.66491,581.2,7261716303,Camino a Buin,Ride
-33.660787,-70.665019,581.2,7261716303,Camino a Buin,Ride
-33.661123,-70.665538,580.9,7261716303,Camino a Buin,Ride
-33.66119,-70.66566,580.9,7261716303,Camino a Buin,Ride
-33.661426,-70.666143,580.6,7261716303,Camino a Buin,Ride
-33.661543,-70.666423,580.6,7261716303,Camino a Buin,Ride
-33.661667,-70.666789,580.7,7261716303,Camino a Buin,Ride
-33.66172,-70.666945,580.8,7261716303,Camino a Buin,Ride
-33.661753,-70.667024,580.8,7261716303,Camino a Buin,Ride
-33.661753,-70.667024,580.8,7261716303,Camino a Buin,Ride
-33.661753,-70.667024,580.8,7261716303,Camino a Buin,Ride
-33.661753,-70.667024,580.8,7261716303,Camino a Buin,Ride
-33.661753,-70.667024,580.8,7261716303,Camino a Buin,Ride
-33.661753,-70.667024,580.8,7261716303,Camino a Buin,Ride
-33.661755,-70.667027,580.8,7261716303,Camino a Buin,Ride
-33.661759,-70.667038,580.8,7261716303,Camino a Buin,Ride
-33.66179,-70.667117,580.9,7261716303,Camino a Buin,Ride
-33.661883,-70.667333,581.2,7261716303,Camino a Buin,Ride
-33.661909,-70.66738,581.2,7261716303,Camino a Buin,Ride
-33.661954,-70.667456,581.3,7261716303,Camino a Buin,Ride
-33.661956,-70.667465,581.4,7261716303,Camino a Buin,Ride
-33.66195,-70.667467,581.4,7261716303,Camino a Buin,Ride
-33.661948,-70.667468,581.4,7261716303,Camino a Buin,Ride
-33.661948,-70.667468,581.4,7261716303,Camino a Buin,Ride
-33.661948,-70.667468,581.4,7261716303,Camino a Buin,Ride
-33.661949,-70.667472,581.4,7261716303,Camino a Buin,Ride
-33.661949,-70.667476,581.4,7261716303,Camino a Buin,Ride
-33.661951,-70.667485,581.4,7261716303,Camino a Buin,Ride
-33.661955,-70.667497,581.4,7261716303,Camino a Buin,Ride
-33.661958,-70.667511,581.4,7261716303,Camino a Buin,Ride
-33.661958,-70.667522,581.4,7261716303,Camino a Buin,Ride
-33.661961,-70.667535,581.4,7261716303,Camino a Buin,Ride
-33.661969,-70.667565,581.5,7261716303,Camino a Buin,Ride
-33.661969,-70.667565,581.5,7261716303,Camino a Buin,Ride
-33.66199,-70.667603,581.5,7261716303,Camino a Buin,Ride
-33.662005,-70.66763,581.5,7261716303,Camino a Buin,Ride
-33.662098,-70.667819,581.6,7261716303,Camino a Buin,Ride
-33.662255,-70.66814,581.8,7261716303,Camino a Buin,Ride
-33.662421,-70.668437,582.0,7261716303,Camino a Buin,Ride
-33.662534,-70.668645,582.0,7261716303,Camino a Buin,Ride
-33.662545,-70.668671,582.0,7261716303,Camino a Buin,Ride
-33.662556,-70.668699,582.0,7261716303,Camino a Buin,Ride
-33.662556,-70.668699,582.0,7261716303,Camino a Buin,Ride
-33.662542,-70.668653,582.0,7261716303,Camino a Buin,Ride
-33.66253,-70.668626,582.0,7261716303,Camino a Buin,Ride
-33.662423,-70.668432,581.9,7261716303,Camino a Buin,Ride
-33.662295,-70.668215,581.8,7261716303,Camino a Buin,Ride
-33.66223,-70.6681,581.8,7261716303,Camino a Buin,Ride
-33.662147,-70.667952,581.7,7261716303,Camino a Buin,Ride
-33.662129,-70.667922,581.7,7261716303,Camino a Buin,Ride
-33.662002,-70.667662,581.5,7261716303,Camino a Buin,Ride
-33.661908,-70.667451,581.3,7261716303,Camino a Buin,Ride
-33.661876,-70.667386,581.2,7261716303,Camino a Buin,Ride
-33.661871,-70.66737,581.2,7261716303,Camino a Buin,Ride
-33.661861,-70.667356,581.2,7261716303,Camino a Buin,Ride
-33.661854,-70.667358,581.2,7261716303,Camino a Buin,Ride
-33.661854,-70.667358,581.2,7261716303,Camino a Buin,Ride
-33.661884,-70.6674,581.3,7261716303,Camino a Buin,Ride
-33.661898,-70.667429,581.3,7261716303,Camino a Buin,Ride
-33.662003,-70.66764,581.5,7261716303,Camino a Buin,Ride
-33.662101,-70.667856,581.7,7261716303,Camino a Buin,Ride
-33.662153,-70.667961,581.7,7261716303,Camino a Buin,Ride
-33.662184,-70.668021,581.8,7261716303,Camino a Buin,Ride
-33.662372,-70.668368,581.9,7261716303,Camino a Buin,Ride
-33.662631,-70.668783,582.1,7261716303,Camino a Buin,Ride
-33.662694,-70.668864,582.1,7261716303,Camino a Buin,Ride
-33.662783,-70.669016,582.2,7261716303,Camino a Buin,Ride
-33.662878,-70.669181,582.3,7261716303,Camino a Buin,Ride
-33.663059,-70.669481,582.4,7261716303,Camino a Buin,Ride
-33.663181,-70.669667,582.0,7261716303,Camino a Buin,Ride
-33.663296,-70.66979,581.7,7261716303,Camino a Buin,Ride
-33.663472,-70.669968,581.4,7261716303,Camino a Buin,Ride
-33.663496,-70.670006,581.4,7261716303,Camino a Buin,Ride
-33.663522,-70.670056,581.3,7261716303,Camino a Buin,Ride
-33.663581,-70.670181,581.2,7261716303,Camino a Buin,Ride
-33.663639,-70.670261,581.2,7261716303,Camino a Buin,Ride
-33.663765,-70.670413,581.0,7261716303,Camino a Buin,Ride
-33.66389,-70.670567,580.9,7261716303,Camino a Buin,Ride
-33.664134,-70.670837,580.8,7261716303,Camino a Buin,Ride
-33.664353,-70.671072,580.6,7261716303,Camino a Buin,Ride
-33.664505,-70.671223,580.2,7261716303,Camino a Buin,Ride
-33.664948,-70.671632,579.6,7261716303,Camino a Buin,Ride
-33.664995,-70.671678,579.5,7261716303,Camino a Buin,Ride
-33.665266,-70.671929,579.3,7261716303,Camino a Buin,Ride
-33.66535,-70.671995,579.2,7261716303,Camino a Buin,Ride
-33.66567,-70.672287,579.0,7261716303,Camino a Buin,Ride
-33.665965,-70.672549,578.8,7261716303,Camino a Buin,Ride
-33.66626,-70.672829,578.5,7261716303,Camino a Buin,Ride
-33.666315,-70.672879,578.5,7261716303,Camino a Buin,Ride
-33.666768,-70.673278,578.3,7261716303,Camino a Buin,Ride
-33.667253,-70.673672,578.0,7261716303,Camino a Buin,Ride
-33.667473,-70.67384,577.9,7261716303,Camino a Buin,Ride
-33.6678,-70.674084,577.6,7261716303,Camino a Buin,Ride
-33.667853,-70.674124,577.6,7261716303,Camino a Buin,Ride
-33.668361,-70.674459,577.4,7261716303,Camino a Buin,Ride
-33.668492,-70.67454,577.3,7261716303,Camino a Buin,Ride
-33.668841,-70.674757,577.2,7261716303,Camino a Buin,Ride
-33.668889,-70.674786,577.2,7261716303,Camino a Buin,Ride
-33.669246,-70.67499,577.2,7261716303,Camino a Buin,Ride
-33.669499,-70.675132,577.0,7261716303,Camino a Buin,Ride
-33.670029,-70.675398,576.8,7261716303,Camino a Buin,Ride
-33.670281,-70.675504,576.7,7261716303,Camino a Buin,Ride
-33.670428,-70.675572,576.7,7261716303,Camino a Buin,Ride
-33.670651,-70.675672,576.5,7261716303,Camino a Buin,Ride
-33.670738,-70.675705,576.4,7261716303,Camino a Buin,Ride
-33.671017,-70.67582,576.2,7261716303,Camino a Buin,Ride
-33.671496,-70.676029,576.0,7261716303,Camino a Buin,Ride
-33.671869,-70.676198,576.1,7261716303,Camino a Buin,Ride
-33.672024,-70.676268,576.3,7261716303,Camino a Buin,Ride
-33.672031,-70.67627,576.3,7261716303,Camino a Buin,Ride
-33.672039,-70.676271,576.3,7261716303,Camino a Buin,Ride
-33.672045,-70.676271,576.3,7261716303,Camino a Buin,Ride
-33.672091,-70.676295,576.3,7261716303,Camino a Buin,Ride
-33.672117,-70.676307,576.2,7261716303,Camino a Buin,Ride
-33.672296,-70.676395,576.1,7261716303,Camino a Buin,Ride
-33.672623,-70.676547,575.9,7261716303,Camino a Buin,Ride
-33.673066,-70.676752,575.6,7261716303,Camino a Buin,Ride
-33.673598,-70.677018,575.0,7261716303,Camino a Buin,Ride
-33.674071,-70.677273,574.4,7261716303,Camino a Buin,Ride
-33.674553,-70.677512,573.7,7261716303,Camino a Buin,Ride
-33.675049,-70.677783,573.0,7261716303,Camino a Buin,Ride
-33.675355,-70.677948,572.5,7261716303,Camino a Buin,Ride
-33.675417,-70.67798,572.4,7261716303,Camino a Buin,Ride
-33.675926,-70.678262,571.7,7261716303,Camino a Buin,Ride
-33.676055,-70.678338,571.5,7261716303,Camino a Buin,Ride
-33.676577,-70.678636,570.7,7261716303,Camino a Buin,Ride
-33.676776,-70.678751,570.4,7261716303,Camino a Buin,Ride
-33.677172,-70.678988,569.8,7261716303,Camino a Buin,Ride
-33.677691,-70.67931,568.9,7261716303,Camino a Buin,Ride
-33.677756,-70.67935,568.8,7261716303,Camino a Buin,Ride
-33.678262,-70.679677,568.0,7261716303,Camino a Buin,Ride
-33.678387,-70.679757,567.8,7261716303,Camino a Buin,Ride
-33.678888,-70.68008,566.9,7261716303,Camino a Buin,Ride
-33.679381,-70.680413,566.1,7261716303,Camino a Buin,Ride
-33.679505,-70.680496,565.9,7261716303,Camino a Buin,Ride
-33.679995,-70.680832,565.4,7261716303,Camino a Buin,Ride
-33.680233,-70.680998,565.0,7261716303,Camino a Buin,Ride
-33.680703,-70.681337,564.3,7261716303,Camino a Buin,Ride
-33.680882,-70.681458,564.0,7261716303,Camino a Buin,Ride
-33.681399,-70.681844,563.2,7261716303,Camino a Buin,Ride
-33.681517,-70.681932,563.0,7261716303,Camino a Buin,Ride
-33.681992,-70.682288,562.2,7261716303,Camino a Buin,Ride
-33.682113,-70.682386,562.0,7261716303,Camino a Buin,Ride
-33.682573,-70.682752,561.2,7261716303,Camino a Buin,Ride
-33.682704,-70.682855,561.0,7261716303,Camino a Buin,Ride
-33.68321,-70.683258,560.1,7261716303,Camino a Buin,Ride
-33.683268,-70.683304,560.0,7261716303,Camino a Buin,Ride
-33.683725,-70.683681,559.1,7261716303,Camino a Buin,Ride
-33.683795,-70.683737,559.0,7261716303,Camino a Buin,Ride
-33.684229,-70.684097,558.2,7261716303,Camino a Buin,Ride
-33.684676,-70.684489,557.6,7261716303,Camino a Buin,Ride
-33.684776,-70.684575,557.5,7261716303,Camino a Buin,Ride
-33.685228,-70.684976,557.2,7261716303,Camino a Buin,Ride
-33.685281,-70.685028,557.1,7261716303,Camino a Buin,Ride
-33.685719,-70.685459,556.6,7261716303,Camino a Buin,Ride
-33.685909,-70.685634,556.4,7261716303,Camino a Buin,Ride
-33.686129,-70.68582,556.2,7261716303,Camino a Buin,Ride
-33.686215,-70.685911,556.1,7261716303,Camino a Buin,Ride
-33.686271,-70.685966,556.0,7261716303,Camino a Buin,Ride
-33.686287,-70.685982,556.0,7261716303,Camino a Buin,Ride
-33.686344,-70.68604,556.0,7261716303,Camino a Buin,Ride
-33.686387,-70.686078,555.9,7261716303,Camino a Buin,Ride
-33.686569,-70.686249,555.7,7261716303,Camino a Buin,Ride
-33.686909,-70.686589,555.4,7261716303,Camino a Buin,Ride
-33.687103,-70.686783,555.2,7261716303,Camino a Buin,Ride
-33.687201,-70.686894,555.1,7261716303,Camino a Buin,Ride
-33.687212,-70.686908,555.1,7261716303,Camino a Buin,Ride
-33.687215,-70.686902,555.1,7261716303,Camino a Buin,Ride
-33.68727,-70.686932,555.0,7261716303,Camino a Buin,Ride
-33.687417,-70.68703,554.8,7261716303,Camino a Buin,Ride
-33.687451,-70.687066,554.7,7261716303,Camino a Buin,Ride
-33.687709,-70.687334,554.4,7261716303,Camino a Buin,Ride
-33.687868,-70.687502,554.1,7261716303,Camino a Buin,Ride
-33.687986,-70.687627,554.0,7261716303,Camino a Buin,Ride
-33.688272,-70.687926,553.8,7261716303,Camino a Buin,Ride
-33.688304,-70.687962,553.8,7261716303,Camino a Buin,Ride
-33.688597,-70.688273,553.7,7261716303,Camino a Buin,Ride
-33.688943,-70.688638,553.5,7261716303,Camino a Buin,Ride
-33.688985,-70.688685,553.5,7261716303,Camino a Buin,Ride
-33.689293,-70.689039,553.3,7261716303,Camino a Buin,Ride
-33.689725,-70.689499,553.0,7261716303,Camino a Buin,Ride
-33.689765,-70.689544,552.9,7261716303,Camino a Buin,Ride
-33.690145,-70.689972,552.5,7261716303,Camino a Buin,Ride
-33.69055,-70.690442,551.8,7261716303,Camino a Buin,Ride
-33.690854,-70.690789,551.3,7261716303,Camino a Buin,Ride
-33.691242,-70.691255,550.8,7261716303,Camino a Buin,Ride
-33.691566,-70.691626,550.2,7261716303,Camino a Buin,Ride
-33.691894,-70.691995,549.8,7261716303,Camino a Buin,Ride
-33.691996,-70.6921,549.6,7261716303,Camino a Buin,Ride
-33.692026,-70.692154,549.6,7261716303,Camino a Buin,Ride
-33.692037,-70.692203,549.5,7261716303,Camino a Buin,Ride
-33.692101,-70.692357,549.3,7261716303,Camino a Buin,Ride
-33.692149,-70.692412,549.2,7261716303,Camino a Buin,Ride
-33.692473,-70.692712,548.7,7261716303,Camino a Buin,Ride
-33.692912,-70.693103,548.1,7261716303,Camino a Buin,Ride
-33.692963,-70.693146,548.1,7261716303,Camino a Buin,Ride
-33.693262,-70.693406,547.6,7261716303,Camino a Buin,Ride
-33.693421,-70.693527,547.4,7261716303,Camino a Buin,Ride
-33.693627,-70.693715,547.1,7261716303,Camino a Buin,Ride
-33.694079,-70.694117,546.5,7261716303,Camino a Buin,Ride
-33.694439,-70.694426,546.0,7261716303,Camino a Buin,Ride
-33.694614,-70.694564,545.7,7261716303,Camino a Buin,Ride
-33.695107,-70.694958,544.9,7261716303,Camino a Buin,Ride
-33.695218,-70.695039,544.8,7261716303,Camino a Buin,Ride
-33.695711,-70.695405,544.3,7261716303,Camino a Buin,Ride
-33.69621,-70.695771,543.8,7261716303,Camino a Buin,Ride
-33.696319,-70.695849,543.7,7261716303,Camino a Buin,Ride
-33.696802,-70.696165,543.4,7261716303,Camino a Buin,Ride
-33.696918,-70.69624,543.3,7261716303,Camino a Buin,Ride
-33.697439,-70.696564,543.0,7261716303,Camino a Buin,Ride
-33.697729,-70.696739,542.9,7261716303,Camino a Buin,Ride
-33.69808,-70.696941,542.7,7261716303,Camino a Buin,Ride
-33.698507,-70.697169,542.5,7261716303,Camino a Buin,Ride
-33.699046,-70.697453,542.0,7261716303,Camino a Buin,Ride
-33.699234,-70.697539,541.8,7261716303,Camino a Buin,Ride
-33.699785,-70.697804,541.1,7261716303,Camino a Buin,Ride
-33.700295,-70.698032,540.4,7261716303,Camino a Buin,Ride
-33.700412,-70.698081,540.3,7261716303,Camino a Buin,Ride
-33.700936,-70.698303,539.4,7261716303,Camino a Buin,Ride
-33.70126,-70.698427,539.0,7261716303,Camino a Buin,Ride
-33.70165,-70.698569,538.3,7261716303,Camino a Buin,Ride
-33.701964,-70.698673,537.8,7261716303,Camino a Buin,Ride
-33.702499,-70.698851,537.0,7261716303,Camino a Buin,Ride
-33.702631,-70.69889,536.8,7261716303,Camino a Buin,Ride
-33.703171,-70.699056,536.0,7261716303,Camino a Buin,Ride
-33.703254,-70.69908,535.9,7261716303,Camino a Buin,Ride
-33.703787,-70.699215,535.3,7261716303,Camino a Buin,Ride
-33.703979,-70.699262,535.0,7261716303,Camino a Buin,Ride
-33.704119,-70.699292,534.8,7261716303,Camino a Buin,Ride
-33.70443,-70.699363,534.3,7261716303,Camino a Buin,Ride
-33.704971,-70.699472,533.6,7261716303,Camino a Buin,Ride
-33.70516,-70.699509,533.3,7261716303,Camino a Buin,Ride
-33.705665,-70.699599,532.6,7261716303,Camino a Buin,Ride
-33.706226,-70.699678,531.9,7261716303,Camino a Buin,Ride
-33.706354,-70.699704,531.8,7261716303,Camino a Buin,Ride
-33.70687,-70.69975,531.2,7261716303,Camino a Buin,Ride
-33.706927,-70.69975,531.1,7261716303,Camino a Buin,Ride
-33.707513,-70.699797,530.4,7261716303,Camino a Buin,Ride
-33.707573,-70.6998,530.4,7261716303,Camino a Buin,Ride
-33.707791,-70.699811,530.3,7261716303,Camino a Buin,Ride
-33.707936,-70.699819,530.2,7261716303,Camino a Buin,Ride
-33.708235,-70.699836,529.9,7261716303,Camino a Buin,Ride
-33.708461,-70.69984,529.6,7261716303,Camino a Buin,Ride
-33.708773,-70.699845,529.4,7261716303,Camino a Buin,Ride
-33.709072,-70.699852,529.1,7261716303,Camino a Buin,Ride
-33.709511,-70.699851,528.7,7261716303,Camino a Buin,Ride
-33.709912,-70.699827,528.3,7261716303,Camino a Buin,Ride
-33.710438,-70.699799,527.7,7261716303,Camino a Buin,Ride
-33.710829,-70.699762,527.3,7261716303,Camino a Buin,Ride
-33.710882,-70.699758,527.3,7261716303,Camino a Buin,Ride
-33.711166,-70.699736,527.0,7261716303,Camino a Buin,Ride
-33.711368,-70.699728,526.7,7261716303,Camino a Buin,Ride
-33.711588,-70.699715,526.4,7261716303,Camino a Buin,Ride
-33.71212,-70.699693,525.6,7261716303,Camino a Buin,Ride
-33.712725,-70.69969,524.8,7261716303,Camino a Buin,Ride
-33.712884,-70.699695,524.5,7261716303,Camino a Buin,Ride
-33.713458,-70.699712,523.8,7261716303,Camino a Buin,Ride
-33.713537,-70.699713,523.7,7261716303,Camino a Buin,Ride
-33.714099,-70.699748,522.8,7261716303,Camino a Buin,Ride
-33.714496,-70.699783,522.2,7261716303,Camino a Buin,Ride
-33.714884,-70.699839,521.8,7261716303,Camino a Buin,Ride
-33.715194,-70.699869,521.4,7261716303,Camino a Buin,Ride
-33.715485,-70.699913,521.0,7261716303,Camino a Buin,Ride
-33.715685,-70.699947,520.8,7261716303,Camino a Buin,Ride
-33.715843,-70.699976,520.6,7261716303,Camino a Buin,Ride
-33.716385,-70.700089,520.0,7261716303,Camino a Buin,Ride
-33.716518,-70.700117,519.9,7261716303,Camino a Buin,Ride
-33.717043,-70.700236,519.3,7261716303,Camino a Buin,Ride
-33.717281,-70.700297,519.1,7261716303,Camino a Buin,Ride
-33.717502,-70.700352,518.9,7261716303,Camino a Buin,Ride
-33.717609,-70.700382,518.8,7261716303,Camino a Buin,Ride
-33.71807,-70.700525,518.4,7261716303,Camino a Buin,Ride
-33.718364,-70.700626,518.2,7261716303,Camino a Buin,Ride
-33.718612,-70.700704,517.9,7261716303,Camino a Buin,Ride
-33.718868,-70.700788,517.7,7261716303,Camino a Buin,Ride
-33.719424,-70.700965,517.0,7261716303,Camino a Buin,Ride
-33.719566,-70.701013,516.7,7261716303,Camino a Buin,Ride
-33.720069,-70.701169,516.1,7261716303,Camino a Buin,Ride
-33.720432,-70.701283,515.8,7261716303,Camino a Buin,Ride
-33.721,-70.70146,515.2,7261716303,Camino a Buin,Ride
-33.721206,-70.701521,515.0,7261716303,Camino a Buin,Ride
-33.721759,-70.701698,514.5,7261716303,Camino a Buin,Ride
-33.721896,-70.701748,514.3,7261716303,Camino a Buin,Ride
-33.722462,-70.701935,513.6,7261716303,Camino a Buin,Ride
-33.722677,-70.702005,513.3,7261716303,Camino a Buin,Ride
-33.723239,-70.702179,512.7,7261716303,Camino a Buin,Ride
-33.723448,-70.70224,512.5,7261716303,Camino a Buin,Ride
-33.724003,-70.702415,511.7,7261716303,Camino a Buin,Ride
-33.724277,-70.702504,511.4,7261716303,Camino a Buin,Ride
-33.724838,-70.70268,510.8,7261716303,Camino a Buin,Ride
-33.72505,-70.702744,510.6,7261716303,Camino a Buin,Ride
-33.725405,-70.702854,510.2,7261716303,Camino a Buin,Ride
-33.725899,-70.703016,509.6,7261716303,Camino a Buin,Ride
-33.726467,-70.703197,509.0,7261716303,Camino a Buin,Ride
-33.726676,-70.703265,508.8,7261716303,Camino a Buin,Ride
-33.727238,-70.703453,508.2,7261716303,Camino a Buin,Ride
-33.727378,-70.703493,508.1,7261716303,Camino a Buin,Ride
-33.727891,-70.703627,507.4,7261716303,Camino a Buin,Ride
-33.728157,-70.70369,507.2,7261716303,Camino a Buin,Ride
-33.728484,-70.703782,506.9,7261716303,Camino a Buin,Ride
-33.728964,-70.703898,506.4,7261716303,Camino a Buin,Ride
-33.729244,-70.703953,505.9,7261716303,Camino a Buin,Ride
-33.729361,-70.703983,505.8,7261716303,Camino a Buin,Ride
-33.729545,-70.704023,505.5,7261716303,Camino a Buin,Ride
-33.730144,-70.704133,504.6,7261716303,Camino a Buin,Ride
-33.730702,-70.704223,503.8,7261716303,Camino a Buin,Ride
-33.730771,-70.704234,503.7,7261716303,Camino a Buin,Ride
-33.73098,-70.70427,503.4,7261716303,Camino a Buin,Ride
-33.73155,-70.704338,502.6,7261716303,Camino a Buin,Ride
-33.732126,-70.704405,501.8,7261716303,Camino a Buin,Ride
-33.73227,-70.704418,501.6,7261716303,Camino a Buin,Ride
-33.732831,-70.704458,500.9,7261716303,Camino a Buin,Ride
-33.732975,-70.704466,500.7,7261716303,Camino a Buin,Ride
-33.733411,-70.704485,500.2,7261716303,Camino a Buin,Ride
-33.733719,-70.704492,499.8,7261716303,Camino a Buin,Ride
-33.734178,-70.704514,499.1,7261716303,Camino a Buin,Ride
-33.734462,-70.704518,498.8,7261716303,Camino a Buin,Ride
-33.734597,-70.70452,498.7,7261716303,Camino a Buin,Ride
-33.734794,-70.70452,498.5,7261716303,Camino a Buin,Ride
-33.734844,-70.704514,498.4,7261716303,Camino a Buin,Ride
-33.734986,-70.704508,498.3,7261716303,Camino a Buin,Ride
-33.735142,-70.704483,498.1,7261716303,Camino a Buin,Ride
-33.73532,-70.704446,497.9,7261716303,Camino a Buin,Ride
-33.735568,-70.704453,497.5,7261716303,Camino a Buin,Ride
-33.735627,-70.704469,497.4,7261716303,Camino a Buin,Ride
-33.735741,-70.704518,497.1,7261716303,Camino a Buin,Ride
-33.735842,-70.70459,497.0,7261716303,Camino a Buin,Ride
-33.735953,-70.704746,496.9,7261716303,Camino a Buin,Ride
-33.735981,-70.704802,496.8,7261716303,Camino a Buin,Ride
-33.736008,-70.704924,496.8,7261716303,Camino a Buin,Ride
-33.736007,-70.704985,496.8,7261716303,Camino a Buin,Ride
-33.735998,-70.705099,496.7,7261716303,Camino a Buin,Ride
-33.735975,-70.705258,496.7,7261716303,Camino a Buin,Ride
-33.735957,-70.705309,496.7,7261716303,Camino a Buin,Ride
-33.735933,-70.705357,496.7,7261716303,Camino a Buin,Ride
-33.735848,-70.705491,496.7,7261716303,Camino a Buin,Ride
-33.735779,-70.705567,496.6,7261716303,Camino a Buin,Ride
-33.73559,-70.705676,496.4,7261716303,Camino a Buin,Ride
-33.735556,-70.705714,496.4,7261716303,Camino a Buin,Ride
-33.735559,-70.705759,496.4,7261716303,Camino a Buin,Ride
-33.735583,-70.705846,496.3,7261716303,Camino a Buin,Ride
-33.735575,-70.705846,496.3,7261716303,Camino a Buin,Ride
-33.735575,-70.705846,496.3,7261716303,Camino a Buin,Ride
-33.735575,-70.705846,496.3,7261716303,Camino a Buin,Ride
-33.735575,-70.705846,496.3,7261716303,Camino a Buin,Ride
-33.735575,-70.705846,496.3,7261716303,Camino a Buin,Ride
-33.735575,-70.705846,496.3,7261716303,Camino a Buin,Ride
-33.735574,-70.705839,496.3,7261716303,Camino a Buin,Ride
-33.735575,-70.705844,496.3,7261716303,Camino a Buin,Ride
-33.735575,-70.705844,496.3,7261716303,Camino a Buin,Ride
-33.735575,-70.705844,496.3,7261716303,Camino a Buin,Ride
-33.735575,-70.705844,496.3,7261716303,Camino a Buin,Ride
-33.735575,-70.705844,496.3,7261716303,Camino a Buin,Ride
-33.735581,-70.705843,496.3,7261716303,Camino a Buin,Ride
-33.735581,-70.705843,496.3,7261716303,Camino a Buin,Ride
-33.735581,-70.705843,496.3,7261716303,Camino a Buin,Ride
-33.735585,-70.705843,496.3,7261716303,Camino a Buin,Ride
-33.735585,-70.705843,496.3,7261716303,Camino a Buin,Ride
-33.735585,-70.705843,496.3,7261716303,Camino a Buin,Ride
-33.735585,-70.705843,496.3,7261716303,Camino a Buin,Ride
-33.735585,-70.705843,496.3,7261716303,Camino a Buin,Ride
-33.735589,-70.705844,496.3,7261716303,Camino a Buin,Ride
-33.735589,-70.705844,496.3,7261716303,Camino a Buin,Ride
-33.735589,-70.705844,496.3,7261716303,Camino a Buin,Ride
-33.735589,-70.705844,496.3,7261716303,Camino a Buin,Ride
-33.735589,-70.705844,496.3,7261716303,Camino a Buin,Ride
-33.735589,-70.705844,496.3,7261716303,Camino a Buin,Ride
-33.735589,-70.705844,496.3,7261716303,Camino a Buin,Ride
-33.735589,-70.705844,496.3,7261716303,Camino a Buin,Ride
-33.735589,-70.705838,496.3,7261716303,Camino a Buin,Ride
-33.735589,-70.705838,496.3,7261716303,Camino a Buin,Ride
-33.735577,-70.705824,496.3,7261716303,Camino a Buin,Ride
-33.735541,-70.705826,496.3,7261716303,Camino a Buin,Ride
-33.735519,-70.705825,496.3,7261716303,Camino a Buin,Ride
-33.735386,-70.705858,496.2,7261716303,Camino a Buin,Ride
-33.735352,-70.705867,496.1,7261716303,Camino a Buin,Ride
-33.735229,-70.705942,496.0,7261716303,Camino a Buin,Ride
-33.735139,-70.706092,496.0,7261716303,Camino a Buin,Ride
-33.735123,-70.706245,496.1,7261716303,Camino a Buin,Ride
-33.735133,-70.706403,496.0,7261716303,Camino a Buin,Ride
-33.735157,-70.706639,496.0,7261716303,Camino a Buin,Ride
-33.735184,-70.706921,496.1,7261716303,Camino a Buin,Ride
-33.735205,-70.707069,496.1,7261716303,Camino a Buin,Ride
-33.735255,-70.707255,496.2,7261716303,Camino a Buin,Ride
-33.735271,-70.707288,496.2,7261716303,Camino a Buin,Ride
-33.735288,-70.707305,496.2,7261716303,Camino a Buin,Ride
-33.73528,-70.707276,496.2,7261716303,Camino a Buin,Ride
-33.735272,-70.70725,496.2,7261716303,Camino a Buin,Ride
-33.73524,-70.707109,496.2,7261716303,Camino a Buin,Ride
-33.735203,-70.706825,496.1,7261716303,Camino a Buin,Ride
-33.735174,-70.706578,496.1,7261716303,Camino a Buin,Ride
-33.735166,-70.706537,496.1,7261716303,Camino a Buin,Ride
-33.735164,-70.706533,496.1,7261716303,Camino a Buin,Ride
-33.735164,-70.706533,496.1,7261716303,Camino a Buin,Ride
-33.735165,-70.706531,496.1,7261716303,Camino a Buin,Ride
-33.735165,-70.706531,496.1,7261716303,Camino a Buin,Ride
-33.735165,-70.706514,496.1,7261716303,Camino a Buin,Ride
-33.735179,-70.706488,496.1,7261716303,Camino a Buin,Ride
-33.735182,-70.706487,496.1,7261716303,Camino a Buin,Ride
-33.735182,-70.706487,496.1,7261716303,Camino a Buin,Ride
-33.735182,-70.706487,496.1,7261716303,Camino a Buin,Ride
-33.735174,-70.706498,496.1,7261716303,Camino a Buin,Ride
-33.735172,-70.706496,496.1,7261716303,Camino a Buin,Ride
-33.735172,-70.706503,496.1,7261716303,Camino a Buin,Ride
-33.735172,-70.706503,496.1,7261716303,Camino a Buin,Ride
-33.735172,-70.706503,496.1,7261716303,Camino a Buin,Ride
-33.735168,-70.706507,496.1,7261716303,Camino a Buin,Ride
-33.735168,-70.706507,496.1,7261716303,Camino a Buin,Ride
-33.735168,-70.706507,496.1,7261716303,Camino a Buin,Ride
-33.735168,-70.706507,496.1,7261716303,Camino a Buin,Ride
-33.735168,-70.706507,496.1,7261716303,Camino a Buin,Ride
-33.735168,-70.706507,496.1,7261716303,Camino a Buin,Ride
-33.735168,-70.706507,496.1,7261716303,Camino a Buin,Ride
-33.735169,-70.706511,496.1,7261716303,Camino a Buin,Ride
-33.735169,-70.706511,496.1,7261716303,Camino a Buin,Ride
-33.735169,-70.706511,496.1,7261716303,Camino a Buin,Ride
-33.735169,-70.706511,496.1,7261716303,Camino a Buin,Ride
-33.735169,-70.706511,496.1,7261716303,Camino a Buin,Ride
-33.735169,-70.706511,496.1,7261716303,Camino a Buin,Ride
-33.735169,-70.706511,496.1,7261716303,Camino a Buin,Ride
-33.735169,-70.706511,496.1,7261716303,Camino a Buin,Ride
-33.735175,-70.706515,496.1,7261716303,Camino a Buin,Ride
-33.735175,-70.706515,496.1,7261716303,Camino a Buin,Ride
-33.735175,-70.706515,496.1,7261716303,Camino a Buin,Ride
-33.735175,-70.706515,496.1,7261716303,Camino a Buin,Ride
-33.735175,-70.706515,496.1,7261716303,Camino a Buin,Ride
-33.735175,-70.706515,496.1,7261716303,Camino a Buin,Ride
-33.735174,-70.706524,496.1,7261716303,Camino a Buin,Ride
-33.735174,-70.706524,496.1,7261716303,Camino a Buin,Ride
-33.735174,-70.706524,496.1,7261716303,Camino a Buin,Ride
-33.735174,-70.706524,496.1,7261716303,Camino a Buin,Ride
-33.735174,-70.706524,496.1,7261716303,Camino a Buin,Ride
-33.735174,-70.706524,496.1,7261716303,Camino a Buin,Ride
-33.735172,-70.706525,496.1,7261716303,Camino a Buin,Ride
-33.735175,-70.706526,496.1,7261716303,Camino a Buin,Ride
-33.735177,-70.706525,496.1,7261716303,Camino a Buin,Ride
-33.735177,-70.706525,496.1,7261716303,Camino a Buin,Ride
-33.735174,-70.70653,496.1,7261716303,Camino a Buin,Ride
-33.735171,-70.706534,496.1,7261716303,Camino a Buin,Ride
-33.735171,-70.706534,496.1,7261716303,Camino a Buin,Ride
-33.735171,-70.706534,496.1,7261716303,Camino a Buin,Ride
-33.735171,-70.706534,496.1,7261716303,Camino a Buin,Ride
-33.73518,-70.706539,496.1,7261716303,Camino a Buin,Ride
-33.73518,-70.706539,496.1,7261716303,Camino a Buin,Ride
-33.73518,-70.706539,496.1,7261716303,Camino a Buin,Ride
-33.73518,-70.706539,496.1,7261716303,Camino a Buin,Ride
-33.73518,-70.706539,496.1,7261716303,Camino a Buin,Ride
-33.73518,-70.706539,496.1,7261716303,Camino a Buin,Ride
-33.735183,-70.706533,496.1,7261716303,Camino a Buin,Ride
-33.735177,-70.706536,496.1,7261716303,Camino a Buin,Ride
-33.73517,-70.706533,496.0,7261716303,Camino a Buin,Ride
-33.73517,-70.706533,496.0,7261716303,Camino a Buin,Ride
-33.73517,-70.706533,496.0,7261716303,Camino a Buin,Ride
-33.73517,-70.706533,496.0,7261716303,Camino a Buin,Ride
-33.73517,-70.706533,496.0,7261716303,Camino a Buin,Ride
-33.73517,-70.706533,496.0,7261716303,Camino a Buin,Ride
-33.735164,-70.706532,496.0,7261716303,Camino a Buin,Ride
-33.735164,-70.706534,496.0,7261716303,Camino a Buin,Ride
-33.73516,-70.706536,496.0,7261716303,Camino a Buin,Ride
-33.735168,-70.706522,496.0,7261716303,Camino a Buin,Ride
-33.735168,-70.706521,496.0,7261716303,Camino a Buin,Ride
-33.735169,-70.706512,496.0,7261716303,Camino a Buin,Ride
-33.735169,-70.706512,496.0,7261716303,Camino a Buin,Ride
-33.735171,-70.706511,496.0,7261716303,Camino a Buin,Ride
-33.735169,-70.706515,496.0,7261716303,Camino a Buin,Ride
-33.735169,-70.706515,496.0,7261716303,Camino a Buin,Ride
-33.735169,-70.706515,496.0,7261716303,Camino a Buin,Ride
-33.735169,-70.706515,496.0,7261716303,Camino a Buin,Ride
-33.735169,-70.706515,496.0,7261716303,Camino a Buin,Ride
-33.735169,-70.706515,496.0,7261716303,Camino a Buin,Ride
-33.735169,-70.706515,496.0,7261716303,Camino a Buin,Ride
-33.735169,-70.706515,496.0,7261716303,Camino a Buin,Ride
-33.735169,-70.706515,496.0,7261716303,Camino a Buin,Ride
-33.735169,-70.706515,496.0,7261716303,Camino a Buin,Ride
-33.735169,-70.706515,496.0,7261716303,Camino a Buin,Ride
-33.735169,-70.706515,496.0,7261716303,Camino a Buin,Ride
-33.735169,-70.706515,496.0,7261716303,Camino a Buin,Ride
-33.735169,-70.706515,496.0,7261716303,Camino a Buin,Ride
-33.735169,-70.706515,496.0,7261716303,Camino a Buin,Ride
-33.735169,-70.706515,496.0,7261716303,Camino a Buin,Ride
-33.735169,-70.706515,496.0,7261716303,Camino a Buin,Ride
-33.735169,-70.706515,496.0,7261716303,Camino a Buin,Ride
-33.735169,-70.706515,496.0,7261716303,Camino a Buin,Ride
-33.735169,-70.706515,496.0,7261716303,Camino a Buin,Ride
-33.735169,-70.706515,496.0,7261716303,Camino a Buin,Ride
-33.735169,-70.706515,496.0,7261716303,Camino a Buin,Ride
-33.735169,-70.706515,496.0,7261716303,Camino a Buin,Ride
-33.735169,-70.706514,496.0,7261716303,Camino a Buin,Ride
-33.735168,-70.70651,496.0,7261716303,Camino a Buin,Ride
-33.735168,-70.70651,496.0,7261716303,Camino a Buin,Ride
-33.735168,-70.70651,496.0,7261716303,Camino a Buin,Ride
-33.735176,-70.706513,496.0,7261716303,Camino a Buin,Ride
-33.735176,-70.706513,496.0,7261716303,Camino a Buin,Ride
-33.735176,-70.706513,496.0,7261716303,Camino a Buin,Ride
-33.735179,-70.706511,496.0,7261716303,Camino a Buin,Ride
-33.735178,-70.706501,496.0,7261716303,Camino a Buin,Ride
-33.735181,-70.7065,496.0,7261716303,Camino a Buin,Ride
-33.735181,-70.7065,496.0,7261716303,Camino a Buin,Ride
-33.735187,-70.7065,496.0,7261716303,Camino a Buin,Ride
-33.735191,-70.706495,496.0,7261716303,Camino a Buin,Ride
-33.735192,-70.706502,496.0,7261716303,Camino a Buin,Ride
-33.735192,-70.706502,496.0,7261716303,Camino a Buin,Ride
-33.735192,-70.706502,496.0,7261716303,Camino a Buin,Ride
-33.735192,-70.706502,496.0,7261716303,Camino a Buin,Ride
-33.735192,-70.706502,496.0,7261716303,Camino a Buin,Ride
-33.735192,-70.706502,496.0,7261716303,Camino a Buin,Ride
-33.735194,-70.706499,496.0,7261716303,Camino a Buin,Ride
-33.735196,-70.706499,496.0,7261716303,Camino a Buin,Ride
-33.735196,-70.706499,496.0,7261716303,Camino a Buin,Ride
-33.735194,-70.706501,496.0,7261716303,Camino a Buin,Ride
-33.735194,-70.706501,496.0,7261716303,Camino a Buin,Ride
-33.735194,-70.706501,496.0,7261716303,Camino a Buin,Ride
-33.735194,-70.706501,496.0,7261716303,Camino a Buin,Ride
-33.735194,-70.706501,496.0,7261716303,Camino a Buin,Ride
-33.735194,-70.706501,496.0,7261716303,Camino a Buin,Ride
-33.735194,-70.706501,496.0,7261716303,Camino a Buin,Ride
-33.735192,-70.70651,496.0,7261716303,Camino a Buin,Ride
-33.735192,-70.70651,496.0,7261716303,Camino a Buin,Ride
-33.735192,-70.70651,496.0,7261716303,Camino a Buin,Ride
-33.735192,-70.70651,496.0,7261716303,Camino a Buin,Ride
-33.735192,-70.70651,496.0,7261716303,Camino a Buin,Ride
-33.735192,-70.70651,496.0,7261716303,Camino a Buin,Ride
-33.73519,-70.706506,496.0,7261716303,Camino a Buin,Ride
-33.73519,-70.706506,496.0,7261716303,Camino a Buin,Ride
-33.73519,-70.706506,496.0,7261716303,Camino a Buin,Ride
-33.73518,-70.706512,496.0,7261716303,Camino a Buin,Ride
-33.735179,-70.706514,496.0,7261716303,Camino a Buin,Ride
-33.735179,-70.706511,496.0,7261716303,Camino a Buin,Ride
-33.735179,-70.706511,496.0,7261716303,Camino a Buin,Ride
-33.735179,-70.706511,496.0,7261716303,Camino a Buin,Ride
-33.735179,-70.706511,496.0,7261716303,Camino a Buin,Ride
-33.735179,-70.706511,496.0,7261716303,Camino a Buin,Ride
-33.735179,-70.706511,496.0,7261716303,Camino a Buin,Ride
-33.735179,-70.706511,496.0,7261716303,Camino a Buin,Ride
-33.735179,-70.706511,496.0,7261716303,Camino a Buin,Ride
-33.735179,-70.706511,496.0,7261716303,Camino a Buin,Ride
-33.735179,-70.706511,496.0,7261716303,Camino a Buin,Ride
-33.735179,-70.706511,496.0,7261716303,Camino a Buin,Ride
-33.735179,-70.706511,496.0,7261716303,Camino a Buin,Ride
-33.735179,-70.706511,496.0,7261716303,Camino a Buin,Ride
-33.735179,-70.706511,496.0,7261716303,Camino a Buin,Ride
-33.735179,-70.706511,496.0,7261716303,Camino a Buin,Ride
-33.735179,-70.706511,496.0,7261716303,Camino a Buin,Ride
-33.735179,-70.706511,496.0,7261716303,Camino a Buin,Ride
-33.735179,-70.706511,496.0,7261716303,Camino a Buin,Ride
-33.735179,-70.706511,496.0,7261716303,Camino a Buin,Ride
-33.735179,-70.706511,496.0,7261716303,Camino a Buin,Ride
-33.735179,-70.706511,496.0,7261716303,Camino a Buin,Ride
-33.735179,-70.706511,496.0,7261716303,Camino a Buin,Ride
-33.735179,-70.706511,496.0,7261716303,Camino a Buin,Ride
-33.735179,-70.706511,496.0,7261716303,Camino a Buin,Ride
-33.735179,-70.706511,496.0,7261716303,Camino a Buin,Ride
-33.73518,-70.706504,496.0,7261716303,Camino a Buin,Ride
-33.73518,-70.706504,496.0,7261716303,Camino a Buin,Ride
-33.73518,-70.706504,496.0,7261716303,Camino a Buin,Ride
-33.73518,-70.706504,496.0,7261716303,Camino a Buin,Ride
-33.73518,-70.706504,496.0,7261716303,Camino a Buin,Ride
-33.73518,-70.706504,496.0,7261716303,Camino a Buin,Ride
-33.73518,-70.706504,496.0,7261716303,Camino a Buin,Ride
-33.73518,-70.706504,496.0,7261716303,Camino a Buin,Ride
-33.73518,-70.706504,496.0,7261716303,Camino a Buin,Ride
-33.73518,-70.706504,496.0,7261716303,Camino a Buin,Ride
-33.73518,-70.706504,496.0,7261716303,Camino a Buin,Ride
-33.73518,-70.706504,496.0,7261716303,Camino a Buin,Ride
-33.73518,-70.706504,496.0,7261716303,Camino a Buin,Ride
-33.735183,-70.706506,496.0,7261716303,Camino a Buin,Ride
-33.735181,-70.70651,496.0,7261716303,Camino a Buin,Ride
-33.735183,-70.706507,496.0,7261716303,Camino a Buin,Ride
-33.735183,-70.706507,496.0,7261716303,Camino a Buin,Ride
-33.735183,-70.706507,496.0,7261716303,Camino a Buin,Ride
-33.735183,-70.706507,496.0,7261716303,Camino a Buin,Ride
-33.735183,-70.706507,496.0,7261716303,Camino a Buin,Ride
-33.735183,-70.706507,496.0,7261716303,Camino a Buin,Ride
-33.735183,-70.706507,496.0,7261716303,Camino a Buin,Ride
-33.735183,-70.706507,496.0,7261716303,Camino a Buin,Ride
-33.735183,-70.706507,496.0,7261716303,Camino a Buin,Ride
-33.735183,-70.706507,496.0,7261716303,Camino a Buin,Ride
-33.735183,-70.706507,496.0,7261716303,Camino a Buin,Ride
-33.735183,-70.706507,496.0,7261716303,Camino a Buin,Ride
-33.735183,-70.706507,496.0,7261716303,Camino a Buin,Ride
-33.735183,-70.706507,496.0,7261716303,Camino a Buin,Ride
-33.735183,-70.706507,496.0,7261716303,Camino a Buin,Ride
-33.735183,-70.706507,496.0,7261716303,Camino a Buin,Ride
-33.735185,-70.706504,496.0,7261716303,Camino a Buin,Ride
-33.735197,-70.706497,496.0,7261716303,Camino a Buin,Ride
-33.735185,-70.70651,496.0,7261716303,Camino a Buin,Ride
-33.735185,-70.70651,496.0,7261716303,Camino a Buin,Ride
-33.735185,-70.70651,496.0,7261716303,Camino a Buin,Ride
-33.735185,-70.70651,496.0,7261716303,Camino a Buin,Ride
-33.735185,-70.70651,496.0,7261716303,Camino a Buin,Ride
-33.735185,-70.70651,496.0,7261716303,Camino a Buin,Ride
-33.735185,-70.70651,496.0,7261716303,Camino a Buin,Ride
-33.735185,-70.70651,496.0,7261716303,Camino a Buin,Ride
-33.735185,-70.70651,496.0,7261716303,Camino a Buin,Ride
-33.73519,-70.706506,496.0,7261716303,Camino a Buin,Ride
-33.73519,-70.706506,496.0,7261716303,Camino a Buin,Ride
-33.73519,-70.706506,496.0,7261716303,Camino a Buin,Ride
-33.73519,-70.706506,496.0,7261716303,Camino a Buin,Ride
-33.73519,-70.706506,496.0,7261716303,Camino a Buin,Ride
-33.73519,-70.706506,496.0,7261716303,Camino a Buin,Ride
-33.73519,-70.706506,496.0,7261716303,Camino a Buin,Ride
-33.73519,-70.706506,496.0,7261716303,Camino a Buin,Ride
-33.73519,-70.706506,496.0,7261716303,Camino a Buin,Ride
-33.73519,-70.706506,496.0,7261716303,Camino a Buin,Ride
-33.73519,-70.706506,496.0,7261716303,Camino a Buin,Ride
-33.73519,-70.706506,496.0,7261716303,Camino a Buin,Ride
-33.73519,-70.706506,496.0,7261716303,Camino a Buin,Ride
-33.735192,-70.706511,496.0,7261716303,Camino a Buin,Ride
-33.735192,-70.706501,496.0,7261716303,Camino a Buin,Ride
-33.735189,-70.706494,496.0,7261716303,Camino a Buin,Ride
-33.735189,-70.706494,496.0,7261716303,Camino a Buin,Ride
-33.73519,-70.706498,496.0,7261716303,Camino a Buin,Ride
-33.73519,-70.706498,496.0,7261716303,Camino a Buin,Ride
-33.735188,-70.706495,496.0,7261716303,Camino a Buin,Ride
-33.735188,-70.706495,496.0,7261716303,Camino a Buin,Ride
-33.735188,-70.706497,496.0,7261716303,Camino a Buin,Ride
-33.73519,-70.706501,496.0,7261716303,Camino a Buin,Ride
-33.735179,-70.70651,496.0,7261716303,Camino a Buin,Ride
-33.735179,-70.70651,496.0,7261716303,Camino a Buin,Ride
-33.735179,-70.70651,496.0,7261716303,Camino a Buin,Ride
-33.735179,-70.70651,496.0,7261716303,Camino a Buin,Ride
-33.735176,-70.706499,496.0,7261716303,Camino a Buin,Ride
-33.735177,-70.706495,496.0,7261716303,Camino a Buin,Ride
-33.735177,-70.706495,496.0,7261716303,Camino a Buin,Ride
-33.735177,-70.706495,496.0,7261716303,Camino a Buin,Ride
-33.735177,-70.706495,496.0,7261716303,Camino a Buin,Ride
-33.735174,-70.706498,496.0,7261716303,Camino a Buin,Ride
-33.735174,-70.706498,496.0,7261716303,Camino a Buin,Ride
-33.735177,-70.706497,496.0,7261716303,Camino a Buin,Ride
-33.735177,-70.706497,496.0,7261716303,Camino a Buin,Ride
-33.735177,-70.706497,496.0,7261716303,Camino a Buin,Ride
-33.735178,-70.706502,496.0,7261716303,Camino a Buin,Ride
-33.735178,-70.706499,496.0,7261716303,Camino a Buin,Ride
-33.735178,-70.706499,496.0,7261716303,Camino a Buin,Ride
-33.735178,-70.706499,496.0,7261716303,Camino a Buin,Ride
-33.735178,-70.706499,496.0,7261716303,Camino a Buin,Ride
-33.735178,-70.706499,496.0,7261716303,Camino a Buin,Ride
-33.735178,-70.706499,496.0,7261716303,Camino a Buin,Ride
-33.735178,-70.706499,496.0,7261716303,Camino a Buin,Ride
-33.735178,-70.706499,496.0,7261716303,Camino a Buin,Ride
-33.735178,-70.706499,496.0,7261716303,Camino a Buin,Ride
-33.735181,-70.706499,496.0,7261716303,Camino a Buin,Ride
-33.735181,-70.706499,496.0,7261716303,Camino a Buin,Ride
-33.735181,-70.706499,496.0,7261716303,Camino a Buin,Ride
-33.735181,-70.706499,496.0,7261716303,Camino a Buin,Ride
-33.735181,-70.706499,496.0,7261716303,Camino a Buin,Ride
-33.735181,-70.706499,496.0,7261716303,Camino a Buin,Ride
-33.735182,-70.706503,496.0,7261716303,Camino a Buin,Ride
-33.735186,-70.706509,496.0,7261716303,Camino a Buin,Ride
-33.735186,-70.706509,496.0,7261716303,Camino a Buin,Ride
-33.735186,-70.706509,496.0,7261716303,Camino a Buin,Ride
-33.735189,-70.706509,496.0,7261716303,Camino a Buin,Ride
-33.735193,-70.706527,496.0,7261716303,Camino a Buin,Ride
-33.73519,-70.706531,496.0,7261716303,Camino a Buin,Ride
-33.735197,-70.706539,496.0,7261716303,Camino a Buin,Ride
-33.735197,-70.706539,496.0,7261716303,Camino a Buin,Ride
-33.735197,-70.706539,496.0,7261716303,Camino a Buin,Ride
-33.735191,-70.706546,496.0,7261716303,Camino a Buin,Ride
-33.735193,-70.706547,496.0,7261716303,Camino a Buin,Ride
-33.735193,-70.706547,496.0,7261716303,Camino a Buin,Ride
