lat,long,altitude,distance,activity_id,activity_name,activity_type
-32.354304,-71.409185,106.9,4.29K,13651921209,Huaquen Run,Run
-32.354333,-71.409165,106.9,4.29K,13651921209,Huaquen Run,Run
-32.354316,-71.409172,106.9,4.29K,13651921209,Huaquen Run,Run
-32.354298,-71.40918,106.9,4.29K,13651921209,Huaquen Run,Run
-32.354281,-71.409187,106.9,4.29K,13651921209,Huaquen Run,Run
-32.354263,-71.409195,106.8,4.29K,13651921209,Huaquen Run,Run
-32.354245,-71.409202,106.8,4.29K,13651921209,Huaquen Run,Run
-32.354228,-71.40921,106.7,4.29K,13651921209,Huaquen Run,Run
-32.35421,-71.409217,106.7,4.29K,13651921209,Huaquen Run,Run
-32.354193,-71.409225,106.7,4.29K,13651921209,Huaquen Run,Run
-32.354175,-71.409232,106.6,4.29K,13651921209,Huaquen Run,Run
-32.354149,-71.409239,106.6,4.29K,13651921209,Huaquen Run,Run
-32.354123,-71.409244,106.5,4.29K,13651921209,Huaquen Run,Run
-32.354095,-71.409253,106.5,4.29K,13651921209,Huaquen Run,Run
-32.354067,-71.409256,106.4,4.29K,13651921209,Huaquen Run,Run
-32.354039,-71.409263,106.4,4.29K,13651921209,Huaquen Run,Run
-32.354019,-71.40927,106.3,4.29K,13651921209,Huaquen Run,Run
-32.353996,-71.409273,106.3,4.29K,13651921209,Huaquen Run,Run
-32.353971,-71.409277,106.2,4.29K,13651921209,Huaquen Run,Run
-32.353944,-71.409287,106.2,4.29K,13651921209,Huaquen Run,Run
-32.353912,-71.40929,106.1,4.29K,13651921209,Huaquen Run,Run
-32.353883,-71.409299,106.1,4.29K,13651921209,Huaquen Run,Run
-32.353856,-71.409304,106.0,4.29K,13651921209,Huaquen Run,Run
-32.35383,-71.40931,106.0,4.29K,13651921209,Huaquen Run,Run
-32.353808,-71.409319,105.9,4.29K,13651921209,Huaquen Run,Run
-32.353782,-71.409327,105.9,4.29K,13651921209,Huaquen Run,Run
-32.353756,-71.409333,105.8,4.29K,13651921209,Huaquen Run,Run
-32.353731,-71.409339,105.8,4.29K,13651921209,Huaquen Run,Run
-32.353705,-71.409348,105.7,4.29K,13651921209,Huaquen Run,Run
-32.353677,-71.409358,105.7,4.29K,13651921209,Huaquen Run,Run
-32.35365,-71.409366,105.6,4.29K,13651921209,Huaquen Run,Run
-32.353611,-71.409372,105.5,4.29K,13651921209,Huaquen Run,Run
-32.353588,-71.409376,105.5,4.29K,13651921209,Huaquen Run,Run
-32.353557,-71.409376,105.4,4.29K,13651921209,Huaquen Run,Run
-32.353535,-71.409384,105.4,4.29K,13651921209,Huaquen Run,Run
-32.353509,-71.409409,105.3,4.29K,13651921209,Huaquen Run,Run
-32.353483,-71.409429,105.3,4.29K,13651921209,Huaquen Run,Run
-32.35345,-71.409427,105.2,4.29K,13651921209,Huaquen Run,Run
-32.353418,-71.409438,105.1,4.29K,13651921209,Huaquen Run,Run
-32.353369,-71.409451,105.0,4.29K,13651921209,Huaquen Run,Run
-32.353352,-71.409459,105.0,4.29K,13651921209,Huaquen Run,Run
-32.353335,-71.409467,105.0,4.29K,13651921209,Huaquen Run,Run
-32.353312,-71.409466,104.9,4.29K,13651921209,Huaquen Run,Run
-32.353291,-71.409473,104.9,4.29K,13651921209,Huaquen Run,Run
-32.353268,-71.409471,104.8,4.29K,13651921209,Huaquen Run,Run
-32.353257,-71.409481,104.8,4.29K,13651921209,Huaquen Run,Run
-32.353231,-71.409493,104.8,4.29K,13651921209,Huaquen Run,Run
-32.353212,-71.409498,104.7,4.29K,13651921209,Huaquen Run,Run
-32.353194,-71.409497,104.7,4.29K,13651921209,Huaquen Run,Run
-32.353171,-71.409502,104.6,4.29K,13651921209,Huaquen Run,Run
-32.353145,-71.409516,104.6,4.29K,13651921209,Huaquen Run,Run
-32.353133,-71.409518,104.6,4.29K,13651921209,Huaquen Run,Run
-32.353111,-71.409521,104.5,4.29K,13651921209,Huaquen Run,Run
-32.353088,-71.409532,104.5,4.29K,13651921209,Huaquen Run,Run
-32.353055,-71.409533,104.4,4.29K,13651921209,Huaquen Run,Run
-32.35303,-71.409539,104.4,4.29K,13651921209,Huaquen Run,Run
-32.353005,-71.409543,104.3,4.29K,13651921209,Huaquen Run,Run
-32.352975,-71.409551,104.3,4.29K,13651921209,Huaquen Run,Run
-32.35295,-71.409557,104.2,4.29K,13651921209,Huaquen Run,Run
-32.352932,-71.409569,104.2,4.29K,13651921209,Huaquen Run,Run
-32.352898,-71.409569,104.1,4.29K,13651921209,Huaquen Run,Run
-32.352881,-71.409573,104.1,4.29K,13651921209,Huaquen Run,Run
-32.352842,-71.40959,104.0,4.29K,13651921209,Huaquen Run,Run
-32.352827,-71.409598,104.0,4.29K,13651921209,Huaquen Run,Run
-32.352811,-71.409607,103.9,4.29K,13651921209,Huaquen Run,Run
-32.352785,-71.409624,103.9,4.29K,13651921209,Huaquen Run,Run
-32.352753,-71.409627,103.8,4.29K,13651921209,Huaquen Run,Run
-32.352732,-71.409626,103.8,4.29K,13651921209,Huaquen Run,Run
-32.352708,-71.409627,103.7,4.29K,13651921209,Huaquen Run,Run
-32.352681,-71.40963,103.7,4.29K,13651921209,Huaquen Run,Run
-32.352661,-71.409643,103.6,4.29K,13651921209,Huaquen Run,Run
-32.352631,-71.409645,103.6,4.29K,13651921209,Huaquen Run,Run
-32.352606,-71.409649,103.5,4.29K,13651921209,Huaquen Run,Run
-32.352585,-71.409664,103.5,4.29K,13651921209,Huaquen Run,Run
-32.352557,-71.409669,103.4,4.29K,13651921209,Huaquen Run,Run
-32.352534,-71.409676,103.4,4.29K,13651921209,Huaquen Run,Run
-32.352509,-71.40968,103.3,4.29K,13651921209,Huaquen Run,Run
-32.352481,-71.409686,103.3,4.29K,13651921209,Huaquen Run,Run
-32.352463,-71.409692,103.2,4.29K,13651921209,Huaquen Run,Run
-32.352433,-71.409702,103.2,4.29K,13651921209,Huaquen Run,Run
-32.352405,-71.409703,103.1,4.29K,13651921209,Huaquen Run,Run
-32.352385,-71.409726,103.1,4.29K,13651921209,Huaquen Run,Run
-32.352364,-71.409734,103.0,4.29K,13651921209,Huaquen Run,Run
-32.352345,-71.409752,102.9,4.29K,13651921209,Huaquen Run,Run
-32.352331,-71.409781,102.6,4.29K,13651921209,Huaquen Run,Run
-32.352309,-71.409793,102.4,4.29K,13651921209,Huaquen Run,Run
-32.352296,-71.409806,102.2,4.29K,13651921209,Huaquen Run,Run
-32.352265,-71.409813,101.9,4.29K,13651921209,Huaquen Run,Run
-32.352242,-71.409809,101.7,4.29K,13651921209,Huaquen Run,Run
-32.352212,-71.409814,101.5,4.29K,13651921209,Huaquen Run,Run
-32.352173,-71.409818,101.1,4.29K,13651921209,Huaquen Run,Run
-32.352152,-71.409821,100.9,4.29K,13651921209,Huaquen Run,Run
-32.352128,-71.409823,100.7,4.29K,13651921209,Huaquen Run,Run
-32.352095,-71.40981,100.4,4.29K,13651921209,Huaquen Run,Run
-32.352067,-71.409814,100.1,4.29K,13651921209,Huaquen Run,Run
-32.352038,-71.409813,99.9,4.29K,13651921209,Huaquen Run,Run
-32.352011,-71.409813,99.6,4.29K,13651921209,Huaquen Run,Run
-32.351983,-71.409827,99.3,4.29K,13651921209,Huaquen Run,Run
-32.351955,-71.409827,99.1,4.29K,13651921209,Huaquen Run,Run
-32.351926,-71.409833,98.8,4.29K,13651921209,Huaquen Run,Run
-32.351895,-71.409838,98.5,4.29K,13651921209,Huaquen Run,Run
-32.351873,-71.409845,98.3,4.29K,13651921209,Huaquen Run,Run
-32.351849,-71.409861,98.1,4.29K,13651921209,Huaquen Run,Run
-32.351813,-71.409866,97.7,4.29K,13651921209,Huaquen Run,Run
-32.351787,-71.409879,97.5,4.29K,13651921209,Huaquen Run,Run
-32.351759,-71.409892,97.2,4.29K,13651921209,Huaquen Run,Run
-32.351727,-71.409894,96.9,4.29K,13651921209,Huaquen Run,Run
-32.351705,-71.409915,96.7,4.29K,13651921209,Huaquen Run,Run
-32.351649,-71.409922,96.2,4.29K,13651921209,Huaquen Run,Run
-32.351629,-71.409929,96.0,4.29K,13651921209,Huaquen Run,Run
-32.351609,-71.409937,95.8,4.29K,13651921209,Huaquen Run,Run
-32.351575,-71.40994,95.5,4.29K,13651921209,Huaquen Run,Run
-32.351551,-71.409961,95.2,4.29K,13651921209,Huaquen Run,Run
-32.351522,-71.40997,95.0,4.29K,13651921209,Huaquen Run,Run
-32.351504,-71.409984,94.8,4.29K,13651921209,Huaquen Run,Run
-32.351475,-71.409996,94.5,4.29K,13651921209,Huaquen Run,Run
-32.351453,-71.409999,94.3,4.29K,13651921209,Huaquen Run,Run
-32.351432,-71.410004,94.1,4.29K,13651921209,Huaquen Run,Run
-32.3514,-71.409998,93.9,4.29K,13651921209,Huaquen Run,Run
-32.351369,-71.410015,93.6,4.29K,13651921209,Huaquen Run,Run
-32.351344,-71.410029,93.3,4.29K,13651921209,Huaquen Run,Run
-32.351315,-71.410027,93.1,4.29K,13651921209,Huaquen Run,Run
-32.351293,-71.410038,92.9,4.29K,13651921209,Huaquen Run,Run
-32.351239,-71.410052,92.4,4.29K,13651921209,Huaquen Run,Run
-32.351217,-71.410053,92.2,4.29K,13651921209,Huaquen Run,Run
-32.351196,-71.410055,92.0,4.29K,13651921209,Huaquen Run,Run
-32.351169,-71.410052,92.0,4.29K,13651921209,Huaquen Run,Run
-32.351147,-71.410057,92.0,4.29K,13651921209,Huaquen Run,Run
-32.351125,-71.410056,91.8,4.29K,13651921209,Huaquen Run,Run
-32.3511,-71.410084,91.6,4.29K,13651921209,Huaquen Run,Run
-32.351076,-71.410102,91.4,4.29K,13651921209,Huaquen Run,Run
-32.351043,-71.410117,91.1,4.29K,13651921209,Huaquen Run,Run
-32.351012,-71.41013,90.9,4.29K,13651921209,Huaquen Run,Run
-32.350984,-71.410128,90.7,4.29K,13651921209,Huaquen Run,Run
-32.350961,-71.410143,90.5,4.29K,13651921209,Huaquen Run,Run
-32.350927,-71.410136,90.3,4.29K,13651921209,Huaquen Run,Run
-32.350858,-71.410165,89.7,4.29K,13651921209,Huaquen Run,Run
-32.350816,-71.410178,89.4,4.29K,13651921209,Huaquen Run,Run
-32.350774,-71.41019,89.1,4.29K,13651921209,Huaquen Run,Run
-32.350733,-71.410202,88.8,4.29K,13651921209,Huaquen Run,Run
-32.350708,-71.4102,88.6,4.29K,13651921209,Huaquen Run,Run
-32.350676,-71.410211,88.4,4.29K,13651921209,Huaquen Run,Run
-32.35064,-71.41019,88.1,4.29K,13651921209,Huaquen Run,Run
-32.350618,-71.410188,87.9,4.29K,13651921209,Huaquen Run,Run
-32.35059,-71.410205,87.8,4.29K,13651921209,Huaquen Run,Run
-32.350565,-71.410217,87.7,4.29K,13651921209,Huaquen Run,Run
-32.350532,-71.410229,87.6,4.29K,13651921209,Huaquen Run,Run
-32.350498,-71.410226,87.4,4.29K,13651921209,Huaquen Run,Run
-32.35047,-71.410237,87.3,4.29K,13651921209,Huaquen Run,Run
-32.350438,-71.410246,87.1,4.29K,13651921209,Huaquen Run,Run
-32.350415,-71.410258,87.0,4.29K,13651921209,Huaquen Run,Run
-32.350368,-71.410275,86.8,4.29K,13651921209,Huaquen Run,Run
-32.35035,-71.410277,86.8,4.29K,13651921209,Huaquen Run,Run
-32.350333,-71.410279,86.7,4.29K,13651921209,Huaquen Run,Run
-32.350302,-71.410282,86.6,4.29K,13651921209,Huaquen Run,Run
-32.350272,-71.410279,86.4,4.29K,13651921209,Huaquen Run,Run
-32.350243,-71.410289,86.3,4.29K,13651921209,Huaquen Run,Run
-32.350225,-71.41029,86.2,4.29K,13651921209,Huaquen Run,Run
-32.350196,-71.410313,86.1,4.29K,13651921209,Huaquen Run,Run
-32.35017,-71.410315,86.0,4.29K,13651921209,Huaquen Run,Run
-32.35015,-71.410322,86.0,4.29K,13651921209,Huaquen Run,Run
-32.350097,-71.410327,86.0,4.29K,13651921209,Huaquen Run,Run
-32.35008,-71.410332,85.9,4.29K,13651921209,Huaquen Run,Run
-32.350063,-71.410337,85.9,4.29K,13651921209,Huaquen Run,Run
-32.350033,-71.410334,85.9,4.29K,13651921209,Huaquen Run,Run
-32.349986,-71.41036,85.8,4.29K,13651921209,Huaquen Run,Run
-32.349969,-71.410368,85.8,4.29K,13651921209,Huaquen Run,Run
-32.349952,-71.410377,85.7,4.29K,13651921209,Huaquen Run,Run
-32.349921,-71.410383,85.6,4.29K,13651921209,Huaquen Run,Run
-32.349894,-71.410387,85.5,4.29K,13651921209,Huaquen Run,Run
-32.349861,-71.410397,85.4,4.29K,13651921209,Huaquen Run,Run
-32.349833,-71.410397,85.3,4.29K,13651921209,Huaquen Run,Run
-32.349803,-71.410413,85.2,4.29K,13651921209,Huaquen Run,Run
-32.349778,-71.410412,85.2,4.29K,13651921209,Huaquen Run,Run
-32.349755,-71.410416,85.2,4.29K,13651921209,Huaquen Run,Run
-32.349723,-71.410424,85.2,4.29K,13651921209,Huaquen Run,Run
-32.349696,-71.41043,85.1,4.29K,13651921209,Huaquen Run,Run
-32.34967,-71.410437,85.1,4.29K,13651921209,Huaquen Run,Run
-32.349643,-71.41044,85.1,4.29K,13651921209,Huaquen Run,Run
-32.349614,-71.41045,85.1,4.29K,13651921209,Huaquen Run,Run
-32.349581,-71.410457,85.1,4.29K,13651921209,Huaquen Run,Run
-32.349553,-71.410468,85.1,4.29K,13651921209,Huaquen Run,Run
-32.349529,-71.410483,85.1,4.29K,13651921209,Huaquen Run,Run
-32.349499,-71.410485,85.1,4.29K,13651921209,Huaquen Run,Run
-32.349474,-71.410492,85.1,4.29K,13651921209,Huaquen Run,Run
-32.349449,-71.410505,85.0,4.29K,13651921209,Huaquen Run,Run
-32.349422,-71.410506,85.0,4.29K,13651921209,Huaquen Run,Run
-32.349394,-71.410521,85.0,4.29K,13651921209,Huaquen Run,Run
-32.34937,-71.410527,85.0,4.29K,13651921209,Huaquen Run,Run
-32.349342,-71.410531,85.0,4.29K,13651921209,Huaquen Run,Run
-32.349312,-71.41053,85.0,4.29K,13651921209,Huaquen Run,Run
-32.349289,-71.410541,84.7,4.29K,13651921209,Huaquen Run,Run
-32.349263,-71.410556,84.1,4.29K,13651921209,Huaquen Run,Run
-32.349238,-71.410568,83.5,4.29K,13651921209,Huaquen Run,Run
-32.349206,-71.410571,82.9,4.29K,13651921209,Huaquen Run,Run
-32.349175,-71.410572,82.2,4.29K,13651921209,Huaquen Run,Run
-32.349153,-71.410584,81.7,4.29K,13651921209,Huaquen Run,Run
-32.349118,-71.410596,81.0,4.29K,13651921209,Huaquen Run,Run
-32.349093,-71.410596,80.8,4.29K,13651921209,Huaquen Run,Run
-32.349062,-71.4106,80.6,4.29K,13651921209,Huaquen Run,Run
-32.349029,-71.410599,80.4,4.29K,13651921209,Huaquen Run,Run
-32.349005,-71.410604,80.3,4.29K,13651921209,Huaquen Run,Run
-32.348977,-71.410618,80.1,4.29K,13651921209,Huaquen Run,Run
-32.348952,-71.410633,80.0,4.29K,13651921209,Huaquen Run,Run
-32.348922,-71.410642,79.8,4.29K,13651921209,Huaquen Run,Run
-32.348893,-71.410634,79.6,4.29K,13651921209,Huaquen Run,Run
-32.348866,-71.41065,79.4,4.29K,13651921209,Huaquen Run,Run
-32.348811,-71.410661,79.1,4.29K,13651921209,Huaquen Run,Run
-32.34879,-71.410664,79.0,4.29K,13651921209,Huaquen Run,Run
-32.348769,-71.410667,78.9,4.29K,13651921209,Huaquen Run,Run
-32.348743,-71.410669,78.7,4.29K,13651921209,Huaquen Run,Run
-32.348717,-71.410683,78.6,4.29K,13651921209,Huaquen Run,Run
-32.348681,-71.410687,78.4,4.29K,13651921209,Huaquen Run,Run
-32.348656,-71.410704,78.2,4.29K,13651921209,Huaquen Run,Run
-32.348632,-71.410719,78.0,4.29K,13651921209,Huaquen Run,Run
-32.348593,-71.410734,78.0,4.29K,13651921209,Huaquen Run,Run
-32.34857,-71.410736,78.0,4.29K,13651921209,Huaquen Run,Run
-32.348547,-71.410739,78.0,4.29K,13651921209,Huaquen Run,Run
-32.348524,-71.410741,78.0,4.29K,13651921209,Huaquen Run,Run
-32.348501,-71.410744,78.0,4.29K,13651921209,Huaquen Run,Run
-32.348475,-71.410746,78.0,4.29K,13651921209,Huaquen Run,Run
-32.348452,-71.410753,78.0,4.29K,13651921209,Huaquen Run,Run
-32.348419,-71.410758,77.9,4.29K,13651921209,Huaquen Run,Run
-32.348397,-71.410763,77.9,4.29K,13651921209,Huaquen Run,Run
-32.348369,-71.41078,77.8,4.29K,13651921209,Huaquen Run,Run
-32.348342,-71.410784,77.7,4.29K,13651921209,Huaquen Run,Run
-32.348318,-71.41079,77.6,4.29K,13651921209,Huaquen Run,Run
-32.348285,-71.410785,77.5,4.29K,13651921209,Huaquen Run,Run
-32.348261,-71.410792,77.4,4.29K,13651921209,Huaquen Run,Run
-32.348229,-71.410802,77.3,4.29K,13651921209,Huaquen Run,Run
-32.348199,-71.410812,77.2,4.29K,13651921209,Huaquen Run,Run
-32.348174,-71.410825,77.1,4.29K,13651921209,Huaquen Run,Run
-32.348142,-71.410835,76.9,4.29K,13651921209,Huaquen Run,Run
-32.348119,-71.410846,76.8,4.29K,13651921209,Huaquen Run,Run
-32.348086,-71.410854,76.7,4.29K,13651921209,Huaquen Run,Run
-32.34804,-71.410863,76.5,4.29K,13651921209,Huaquen Run,Run
-32.348021,-71.410869,76.5,4.29K,13651921209,Huaquen Run,Run
-32.348001,-71.410875,76.4,4.29K,13651921209,Huaquen Run,Run
-32.347978,-71.410879,76.3,4.29K,13651921209,Huaquen Run,Run
-32.347943,-71.410887,76.2,4.29K,13651921209,Huaquen Run,Run
-32.347919,-71.410894,76.1,4.29K,13651921209,Huaquen Run,Run
-32.347889,-71.410897,76.0,4.29K,13651921209,Huaquen Run,Run
-32.347862,-71.410891,75.9,4.29K,13651921209,Huaquen Run,Run
-32.347839,-71.410895,75.9,4.29K,13651921209,Huaquen Run,Run
-32.347807,-71.410898,75.8,4.29K,13651921209,Huaquen Run,Run
-32.347782,-71.410905,75.8,4.29K,13651921209,Huaquen Run,Run
-32.347755,-71.410916,75.7,4.29K,13651921209,Huaquen Run,Run
-32.347727,-71.410923,75.7,4.29K,13651921209,Huaquen Run,Run
-32.347705,-71.410932,75.7,4.29K,13651921209,Huaquen Run,Run
-32.347677,-71.410939,75.6,4.29K,13651921209,Huaquen Run,Run
-32.347653,-71.410947,75.6,4.29K,13651921209,Huaquen Run,Run
-32.347627,-71.410952,75.5,4.29K,13651921209,Huaquen Run,Run
-32.347599,-71.410959,75.5,4.29K,13651921209,Huaquen Run,Run
-32.34758,-71.410969,75.4,4.29K,13651921209,Huaquen Run,Run
-32.347554,-71.410977,75.4,4.29K,13651921209,Huaquen Run,Run
-32.347535,-71.410988,75.3,4.29K,13651921209,Huaquen Run,Run
-32.34751,-71.411002,75.3,4.29K,13651921209,Huaquen Run,Run
-32.347486,-71.410996,75.3,4.29K,13651921209,Huaquen Run,Run
-32.347464,-71.411012,75.2,4.29K,13651921209,Huaquen Run,Run
-32.34743,-71.411026,75.1,4.29K,13651921209,Huaquen Run,Run
-32.347405,-71.411046,75.1,4.29K,13651921209,Huaquen Run,Run
-32.347371,-71.411042,75.0,4.29K,13651921209,Huaquen Run,Run
-32.34734,-71.411032,75.0,4.29K,13651921209,Huaquen Run,Run
-32.347296,-71.411029,75.0,4.29K,13651921209,Huaquen Run,Run
-32.347286,-71.411021,75.0,4.29K,13651921209,Huaquen Run,Run
-32.347276,-71.411014,75.0,4.29K,13651921209,Huaquen Run,Run
-32.347275,-71.411029,75.0,4.29K,13651921209,Huaquen Run,Run
-32.347251,-71.411038,75.0,4.29K,13651921209,Huaquen Run,Run
-32.347218,-71.411045,75.0,4.29K,13651921209,Huaquen Run,Run
-32.347184,-71.411053,75.0,4.29K,13651921209,Huaquen Run,Run
-32.347145,-71.411063,75.0,4.29K,13651921209,Huaquen Run,Run
-32.347119,-71.411066,75.0,4.29K,13651921209,Huaquen Run,Run
-32.347085,-71.411077,75.0,4.29K,13651921209,Huaquen Run,Run
-32.347043,-71.411073,75.0,4.29K,13651921209,Huaquen Run,Run
-32.347022,-71.411072,75.0,4.29K,13651921209,Huaquen Run,Run
-32.347001,-71.411071,75.0,4.29K,13651921209,Huaquen Run,Run
-32.346974,-71.411079,74.8,4.29K,13651921209,Huaquen Run,Run
-32.346937,-71.411076,74.5,4.29K,13651921209,Huaquen Run,Run
-32.346915,-71.411081,74.4,4.29K,13651921209,Huaquen Run,Run
-32.34689,-71.411086,74.2,4.29K,13651921209,Huaquen Run,Run
-32.346864,-71.411106,74.0,4.29K,13651921209,Huaquen Run,Run
-32.346839,-71.411118,73.8,4.29K,13651921209,Huaquen Run,Run
-32.346801,-71.41112,73.6,4.29K,13651921209,Huaquen Run,Run
-32.346775,-71.411129,73.4,4.29K,13651921209,Huaquen Run,Run
-32.346743,-71.411139,73.2,4.29K,13651921209,Huaquen Run,Run
-32.346715,-71.41115,73.0,4.29K,13651921209,Huaquen Run,Run
-32.34669,-71.411159,72.8,4.29K,13651921209,Huaquen Run,Run
-32.34666,-71.411169,72.6,4.29K,13651921209,Huaquen Run,Run
-32.346637,-71.411177,72.4,4.29K,13651921209,Huaquen Run,Run
-32.346607,-71.411187,72.2,4.29K,13651921209,Huaquen Run,Run
-32.34658,-71.411185,72.0,4.29K,13651921209,Huaquen Run,Run
-32.346551,-71.41119,71.8,4.29K,13651921209,Huaquen Run,Run
-32.346525,-71.411188,71.7,4.29K,13651921209,Huaquen Run,Run
-32.346507,-71.411202,71.5,4.29K,13651921209,Huaquen Run,Run
-32.346476,-71.411208,71.3,4.29K,13651921209,Huaquen Run,Run
-32.346455,-71.411214,71.2,4.29K,13651921209,Huaquen Run,Run
-32.346436,-71.411227,71.0,4.29K,13651921209,Huaquen Run,Run
-32.346404,-71.411242,70.8,4.29K,13651921209,Huaquen Run,Run
-32.346377,-71.41126,70.6,4.29K,13651921209,Huaquen Run,Run
-32.346344,-71.411259,70.5,4.29K,13651921209,Huaquen Run,Run
-32.346316,-71.411254,70.3,4.29K,13651921209,Huaquen Run,Run
-32.346286,-71.411253,70.1,4.29K,13651921209,Huaquen Run,Run
-32.346258,-71.411255,70.0,4.29K,13651921209,Huaquen Run,Run
-32.346227,-71.411265,69.8,4.29K,13651921209,Huaquen Run,Run
-32.346181,-71.411293,69.5,4.29K,13651921209,Huaquen Run,Run
-32.346163,-71.411304,69.4,4.29K,13651921209,Huaquen Run,Run
-32.346146,-71.411315,69.3,4.29K,13651921209,Huaquen Run,Run
-32.346113,-71.411313,69.1,4.29K,13651921209,Huaquen Run,Run
-32.346089,-71.411319,68.9,4.29K,13651921209,Huaquen Run,Run
-32.346059,-71.41132,68.8,4.29K,13651921209,Huaquen Run,Run
-32.346036,-71.411341,68.6,4.29K,13651921209,Huaquen Run,Run
-32.346001,-71.41135,68.4,4.29K,13651921209,Huaquen Run,Run
-32.345978,-71.411356,68.3,4.29K,13651921209,Huaquen Run,Run
-32.345951,-71.411368,68.1,4.29K,13651921209,Huaquen Run,Run
-32.345905,-71.411383,68.0,4.29K,13651921209,Huaquen Run,Run
-32.345887,-71.411389,68.0,4.29K,13651921209,Huaquen Run,Run
-32.345868,-71.411394,68.0,4.29K,13651921209,Huaquen Run,Run
-32.345844,-71.411398,67.9,4.29K,13651921209,Huaquen Run,Run
-32.345808,-71.41141,67.7,4.29K,13651921209,Huaquen Run,Run
-32.345777,-71.411422,67.5,4.29K,13651921209,Huaquen Run,Run
-32.345755,-71.411426,67.4,4.29K,13651921209,Huaquen Run,Run
-32.345721,-71.411426,67.2,4.29K,13651921209,Huaquen Run,Run
-32.345697,-71.411441,67.1,4.29K,13651921209,Huaquen Run,Run
-32.345666,-71.411441,66.9,4.29K,13651921209,Huaquen Run,Run
-32.345648,-71.41145,66.8,4.29K,13651921209,Huaquen Run,Run
-32.34562,-71.411454,66.7,4.29K,13651921209,Huaquen Run,Run
-32.345594,-71.41145,66.5,4.29K,13651921209,Huaquen Run,Run
-32.345566,-71.411472,66.4,4.29K,13651921209,Huaquen Run,Run
-32.345533,-71.41148,66.2,4.29K,13651921209,Huaquen Run,Run
-32.345511,-71.41149,66.1,4.29K,13651921209,Huaquen Run,Run
-32.345481,-71.411497,65.9,4.29K,13651921209,Huaquen Run,Run
-32.345449,-71.411502,65.8,4.29K,13651921209,Huaquen Run,Run
-32.345423,-71.411514,65.6,4.29K,13651921209,Huaquen Run,Run
-32.345397,-71.411516,65.5,4.29K,13651921209,Huaquen Run,Run
-32.345372,-71.41153,65.3,4.29K,13651921209,Huaquen Run,Run
-32.345341,-71.411533,65.2,4.29K,13651921209,Huaquen Run,Run
-32.345311,-71.411538,65.0,4.29K,13651921209,Huaquen Run,Run
-32.345286,-71.411555,64.9,4.29K,13651921209,Huaquen Run,Run
-32.345255,-71.411552,64.7,4.29K,13651921209,Huaquen Run,Run
-32.345227,-71.411559,64.6,4.29K,13651921209,Huaquen Run,Run
-32.345201,-71.411562,64.4,4.29K,13651921209,Huaquen Run,Run
-32.345176,-71.411571,64.3,4.29K,13651921209,Huaquen Run,Run
-32.345142,-71.411583,64.1,4.29K,13651921209,Huaquen Run,Run
-32.345112,-71.411585,64.0,4.29K,13651921209,Huaquen Run,Run
-32.345088,-71.411591,64.0,4.29K,13651921209,Huaquen Run,Run
-32.345056,-71.411595,64.0,4.29K,13651921209,Huaquen Run,Run
-32.345031,-71.411601,64.0,4.29K,13651921209,Huaquen Run,Run
-32.345001,-71.411616,64.0,4.29K,13651921209,Huaquen Run,Run
-32.344978,-71.411625,64.0,4.29K,13651921209,Huaquen Run,Run
-32.344938,-71.41163,64.0,4.29K,13651921209,Huaquen Run,Run
-32.344901,-71.41163,63.9,4.29K,13651921209,Huaquen Run,Run
-32.344866,-71.411638,63.9,4.29K,13651921209,Huaquen Run,Run
-32.34482,-71.41165,63.9,4.29K,13651921209,Huaquen Run,Run
-32.344802,-71.411656,63.9,4.29K,13651921209,Huaquen Run,Run
-32.344784,-71.411662,63.9,4.29K,13651921209,Huaquen Run,Run
-32.34476,-71.41167,63.9,4.29K,13651921209,Huaquen Run,Run
-32.344728,-71.411682,63.9,4.29K,13651921209,Huaquen Run,Run
-32.344704,-71.411684,63.9,4.29K,13651921209,Huaquen Run,Run
-32.344677,-71.411693,63.9,4.29K,13651921209,Huaquen Run,Run
-32.344651,-71.411692,63.8,4.29K,13651921209,Huaquen Run,Run
-32.344632,-71.411697,63.7,4.29K,13651921209,Huaquen Run,Run
-32.344611,-71.411709,63.6,4.29K,13651921209,Huaquen Run,Run
-32.344588,-71.411717,63.5,4.29K,13651921209,Huaquen Run,Run
-32.344567,-71.411726,63.4,4.29K,13651921209,Huaquen Run,Run
-32.344532,-71.411732,63.3,4.29K,13651921209,Huaquen Run,Run
-32.344489,-71.411735,63.1,4.29K,13651921209,Huaquen Run,Run
-32.344471,-71.411736,63.0,4.29K,13651921209,Huaquen Run,Run
-32.344453,-71.411736,62.9,4.29K,13651921209,Huaquen Run,Run
-32.344429,-71.411749,62.8,4.29K,13651921209,Huaquen Run,Run
-32.344383,-71.411761,62.6,4.29K,13651921209,Huaquen Run,Run
-32.344364,-71.411769,62.5,4.29K,13651921209,Huaquen Run,Run
-32.344338,-71.411773,62.4,4.29K,13651921209,Huaquen Run,Run
-32.344312,-71.411777,62.3,4.29K,13651921209,Huaquen Run,Run
-32.344294,-71.411794,62.2,4.29K,13651921209,Huaquen Run,Run
-32.344261,-71.411812,62.1,4.29K,13651921209,Huaquen Run,Run
-32.344237,-71.411822,61.9,4.29K,13651921209,Huaquen Run,Run
-32.344205,-71.411817,61.7,4.29K,13651921209,Huaquen Run,Run
-32.344172,-71.411818,61.5,4.29K,13651921209,Huaquen Run,Run
-32.344149,-71.41184,61.3,4.29K,13651921209,Huaquen Run,Run
-32.344114,-71.411856,61.1,4.29K,13651921209,Huaquen Run,Run
-32.344098,-71.411868,61.0,4.29K,13651921209,Huaquen Run,Run
-32.344074,-71.411864,60.8,4.29K,13651921209,Huaquen Run,Run
-32.344039,-71.411862,60.6,4.29K,13651921209,Huaquen Run,Run
-32.344008,-71.411879,60.4,4.29K,13651921209,Huaquen Run,Run
-32.343971,-71.41189,60.1,4.29K,13651921209,Huaquen Run,Run
-32.343941,-71.411902,59.9,4.29K,13651921209,Huaquen Run,Run
-32.34392,-71.411903,59.8,4.29K,13651921209,Huaquen Run,Run
-32.34389,-71.411899,59.6,4.29K,13651921209,Huaquen Run,Run
-32.34387,-71.411908,59.5,4.29K,13651921209,Huaquen Run,Run
-32.34384,-71.411918,59.3,4.29K,13651921209,Huaquen Run,Run
-32.343812,-71.411929,59.1,4.29K,13651921209,Huaquen Run,Run
-32.343784,-71.411935,59.0,4.29K,13651921209,Huaquen Run,Run
-32.34375,-71.411937,58.9,4.29K,13651921209,Huaquen Run,Run
-32.343733,-71.411939,58.9,4.29K,13651921209,Huaquen Run,Run
-32.343701,-71.411952,58.8,4.29K,13651921209,Huaquen Run,Run
-32.343671,-71.411957,58.8,4.29K,13651921209,Huaquen Run,Run
-32.343641,-71.411956,58.7,4.29K,13651921209,Huaquen Run,Run
-32.343608,-71.411951,58.7,4.29K,13651921209,Huaquen Run,Run
-32.343584,-71.411964,58.7,4.29K,13651921209,Huaquen Run,Run
-32.343558,-71.411978,58.6,4.29K,13651921209,Huaquen Run,Run
-32.343531,-71.41199,58.6,4.29K,13651921209,Huaquen Run,Run
-32.343501,-71.411996,58.5,4.29K,13651921209,Huaquen Run,Run
-32.343473,-71.412005,58.5,4.29K,13651921209,Huaquen Run,Run
-32.343451,-71.412012,58.4,4.29K,13651921209,Huaquen Run,Run
-32.343424,-71.412017,58.4,4.29K,13651921209,Huaquen Run,Run
-32.343399,-71.412018,58.4,4.29K,13651921209,Huaquen Run,Run
-32.343371,-71.412026,58.3,4.29K,13651921209,Huaquen Run,Run
-32.34334,-71.412028,58.3,4.29K,13651921209,Huaquen Run,Run
-32.343319,-71.412044,58.2,4.29K,13651921209,Huaquen Run,Run
-32.3433,-71.412054,58.2,4.29K,13651921209,Huaquen Run,Run
-32.343275,-71.412059,58.2,4.29K,13651921209,Huaquen Run,Run
-32.343261,-71.412079,58.1,4.29K,13651921209,Huaquen Run,Run
-32.343265,-71.412116,58.1,4.29K,13651921209,Huaquen Run,Run
-32.343283,-71.41215,58.2,4.29K,13651921209,Huaquen Run,Run
-32.343302,-71.412184,58.3,4.29K,13651921209,Huaquen Run,Run
-32.343319,-71.412206,58.3,4.29K,13651921209,Huaquen Run,Run
-32.343335,-71.412226,58.3,4.29K,13651921209,Huaquen Run,Run
-32.343337,-71.412252,58.4,4.29K,13651921209,Huaquen Run,Run
-32.343348,-71.412283,58.4,4.29K,13651921209,Huaquen Run,Run
-32.34336,-71.412313,58.5,4.29K,13651921209,Huaquen Run,Run
-32.343373,-71.41234,58.5,4.29K,13651921209,Huaquen Run,Run
-32.343386,-71.412371,58.6,4.29K,13651921209,Huaquen Run,Run
-32.343394,-71.412398,58.6,4.29K,13651921209,Huaquen Run,Run
-32.343404,-71.412417,58.6,4.29K,13651921209,Huaquen Run,Run
-32.343414,-71.41245,58.7,4.29K,13651921209,Huaquen Run,Run
-32.343421,-71.412484,58.7,4.29K,13651921209,Huaquen Run,Run
-32.34344,-71.412509,58.8,4.29K,13651921209,Huaquen Run,Run
-32.343448,-71.412538,58.8,4.29K,13651921209,Huaquen Run,Run
-32.343457,-71.412564,58.9,4.29K,13651921209,Huaquen Run,Run
-32.343477,-71.41259,58.9,4.29K,13651921209,Huaquen Run,Run
-32.343483,-71.412624,59.0,4.29K,13651921209,Huaquen Run,Run
-32.343496,-71.412656,59.0,4.29K,13651921209,Huaquen Run,Run
-32.343499,-71.412691,59.1,4.29K,13651921209,Huaquen Run,Run
-32.343506,-71.412721,59.1,4.29K,13651921209,Huaquen Run,Run
-32.343525,-71.412746,59.2,4.29K,13651921209,Huaquen Run,Run
-32.343533,-71.412778,59.2,4.29K,13651921209,Huaquen Run,Run
-32.343553,-71.412809,59.3,4.29K,13651921209,Huaquen Run,Run
-32.343563,-71.412841,59.3,4.29K,13651921209,Huaquen Run,Run
-32.343575,-71.412868,59.4,4.29K,13651921209,Huaquen Run,Run
-32.343583,-71.412893,59.4,4.29K,13651921209,Huaquen Run,Run
-32.343582,-71.412917,59.5,4.29K,13651921209,Huaquen Run,Run
-32.343597,-71.412951,59.5,4.29K,13651921209,Huaquen Run,Run
-32.3436,-71.412976,59.5,4.29K,13651921209,Huaquen Run,Run
-32.343611,-71.413002,59.6,4.29K,13651921209,Huaquen Run,Run
-32.343626,-71.413035,59.6,4.29K,13651921209,Huaquen Run,Run
-32.343634,-71.413062,59.7,4.29K,13651921209,Huaquen Run,Run
-32.343644,-71.413099,59.7,4.29K,13651921209,Huaquen Run,Run
-32.343654,-71.413129,59.8,4.29K,13651921209,Huaquen Run,Run
-32.343659,-71.41315,59.8,4.29K,13651921209,Huaquen Run,Run
-32.343652,-71.413185,59.9,4.29K,13651921209,Huaquen Run,Run
-32.343636,-71.413213,59.9,4.29K,13651921209,Huaquen Run,Run
-32.343616,-71.413236,60.0,4.29K,13651921209,Huaquen Run,Run
-32.343558,-71.413246,59.6,4.29K,13651921209,Huaquen Run,Run
-32.343516,-71.413245,59.3,4.29K,13651921209,Huaquen Run,Run
-32.343471,-71.413231,59.0,4.29K,13651921209,Huaquen Run,Run
-32.343453,-71.413242,58.8,4.29K,13651921209,Huaquen Run,Run
-32.343416,-71.413242,58.6,4.29K,13651921209,Huaquen Run,Run
-32.34336,-71.413232,58.2,4.29K,13651921209,Huaquen Run,Run
-32.343339,-71.413237,58.0,4.29K,13651921209,Huaquen Run,Run
-32.343318,-71.413241,57.8,4.29K,13651921209,Huaquen Run,Run
-32.343284,-71.41325,57.6,4.29K,13651921209,Huaquen Run,Run
-32.343241,-71.413233,57.2,4.29K,13651921209,Huaquen Run,Run
-32.343216,-71.413219,57.0,4.29K,13651921209,Huaquen Run,Run
-32.343174,-71.41322,56.7,4.29K,13651921209,Huaquen Run,Run
-32.343137,-71.413226,56.4,4.29K,13651921209,Huaquen Run,Run
-32.343113,-71.413224,56.2,4.29K,13651921209,Huaquen Run,Run
-32.343082,-71.413212,55.9,4.29K,13651921209,Huaquen Run,Run
-32.34304,-71.413213,55.8,4.29K,13651921209,Huaquen Run,Run
-32.343022,-71.413213,55.7,4.29K,13651921209,Huaquen Run,Run
-32.343003,-71.413214,55.6,4.29K,13651921209,Huaquen Run,Run
-32.342977,-71.413218,55.5,4.29K,13651921209,Huaquen Run,Run
-32.342947,-71.413217,55.4,4.29K,13651921209,Huaquen Run,Run
-32.342922,-71.413219,55.3,4.29K,13651921209,Huaquen Run,Run
-32.342883,-71.413209,55.2,4.29K,13651921209,Huaquen Run,Run
-32.342856,-71.413199,55.1,4.29K,13651921209,Huaquen Run,Run
-32.342827,-71.413199,55.0,4.29K,13651921209,Huaquen Run,Run
-32.342796,-71.413204,54.9,4.29K,13651921209,Huaquen Run,Run
-32.342753,-71.413192,54.7,4.29K,13651921209,Huaquen Run,Run
-32.342733,-71.413183,54.6,4.29K,13651921209,Huaquen Run,Run
-32.342714,-71.413174,54.6,4.29K,13651921209,Huaquen Run,Run
-32.342683,-71.413173,54.5,4.29K,13651921209,Huaquen Run,Run
-32.342653,-71.413156,54.4,4.29K,13651921209,Huaquen Run,Run
-32.342627,-71.413158,54.3,4.29K,13651921209,Huaquen Run,Run
-32.3426,-71.413156,54.2,4.29K,13651921209,Huaquen Run,Run
-32.342575,-71.41316,54.2,4.29K,13651921209,Huaquen Run,Run
-32.342534,-71.413165,54.1,4.29K,13651921209,Huaquen Run,Run
-32.342516,-71.413163,54.1,4.29K,13651921209,Huaquen Run,Run
-32.342499,-71.413161,54.1,4.29K,13651921209,Huaquen Run,Run
-32.342468,-71.413157,54.0,4.29K,13651921209,Huaquen Run,Run
-32.342443,-71.413147,54.0,4.29K,13651921209,Huaquen Run,Run
-32.342426,-71.413145,54.0,4.29K,13651921209,Huaquen Run,Run
-32.342403,-71.413141,54.0,4.29K,13651921209,Huaquen Run,Run
-32.342379,-71.413146,54.1,4.29K,13651921209,Huaquen Run,Run
-32.342351,-71.41316,54.1,4.29K,13651921209,Huaquen Run,Run
-32.342325,-71.413166,54.1,4.29K,13651921209,Huaquen Run,Run
-32.342303,-71.413169,54.1,4.29K,13651921209,Huaquen Run,Run
-32.342276,-71.413184,54.1,4.29K,13651921209,Huaquen Run,Run
-32.342257,-71.413195,54.1,4.29K,13651921209,Huaquen Run,Run
-32.342237,-71.413205,54.1,4.29K,13651921209,Huaquen Run,Run
-32.342211,-71.413214,54.1,4.29K,13651921209,Huaquen Run,Run
-32.342195,-71.413227,54.1,4.29K,13651921209,Huaquen Run,Run
-32.342168,-71.413239,54.1,4.29K,13651921209,Huaquen Run,Run
-32.342151,-71.413257,54.1,4.29K,13651921209,Huaquen Run,Run
-32.342127,-71.413275,54.1,4.29K,13651921209,Huaquen Run,Run
-32.342105,-71.413287,54.1,4.29K,13651921209,Huaquen Run,Run
-32.342089,-71.413314,54.0,4.29K,13651921209,Huaquen Run,Run
-32.342063,-71.413324,54.0,4.29K,13651921209,Huaquen Run,Run
-32.342037,-71.413335,54.0,4.29K,13651921209,Huaquen Run,Run
-32.342011,-71.413342,54.0,4.29K,13651921209,Huaquen Run,Run
-32.341991,-71.413365,54.0,4.29K,13651921209,Huaquen Run,Run
-32.341976,-71.413384,54.0,4.29K,13651921209,Huaquen Run,Run
-32.341948,-71.413413,54.0,4.29K,13651921209,Huaquen Run,Run
-32.341927,-71.413422,54.0,4.29K,13651921209,Huaquen Run,Run
-32.341907,-71.413437,54.0,4.29K,13651921209,Huaquen Run,Run
-32.34189,-71.413458,54.1,4.29K,13651921209,Huaquen Run,Run
-32.341877,-71.413481,54.1,4.29K,13651921209,Huaquen Run,Run
-32.341861,-71.413506,54.1,4.29K,13651921209,Huaquen Run,Run
-32.341846,-71.413521,54.1,4.29K,13651921209,Huaquen Run,Run
-32.341823,-71.413571,54.1,4.29K,13651921209,Huaquen Run,Run
-32.341815,-71.413591,54.1,4.29K,13651921209,Huaquen Run,Run
-32.341807,-71.413611,54.1,4.29K,13651921209,Huaquen Run,Run
-32.341793,-71.413643,54.1,4.29K,13651921209,Huaquen Run,Run
-32.34178,-71.413673,54.1,4.29K,13651921209,Huaquen Run,Run
-32.341767,-71.413691,54.1,4.29K,13651921209,Huaquen Run,Run
-32.341747,-71.413715,54.0,4.29K,13651921209,Huaquen Run,Run
-32.341738,-71.413738,54.0,4.29K,13651921209,Huaquen Run,Run
-32.341721,-71.413771,54.0,4.29K,13651921209,Huaquen Run,Run
-32.341702,-71.4138,53.9,4.29K,13651921209,Huaquen Run,Run
-32.341682,-71.413821,53.8,4.29K,13651921209,Huaquen Run,Run
-32.341657,-71.413848,53.8,4.29K,13651921209,Huaquen Run,Run
-32.34164,-71.413861,53.7,4.29K,13651921209,Huaquen Run,Run
-32.341619,-71.413882,53.6,4.29K,13651921209,Huaquen Run,Run
-32.341596,-71.413902,53.5,4.29K,13651921209,Huaquen Run,Run
-32.341573,-71.413924,53.4,4.29K,13651921209,Huaquen Run,Run
-32.341539,-71.413934,53.3,4.29K,13651921209,Huaquen Run,Run
-32.341516,-71.413942,53.2,4.29K,13651921209,Huaquen Run,Run
-32.341463,-71.413934,53.0,4.29K,13651921209,Huaquen Run,Run
-32.341443,-71.413931,53.0,4.29K,13651921209,Huaquen Run,Run
-32.341424,-71.413929,52.9,4.29K,13651921209,Huaquen Run,Run
-32.341389,-71.413929,52.7,4.29K,13651921209,Huaquen Run,Run
-32.341362,-71.413928,52.6,4.29K,13651921209,Huaquen Run,Run
-32.341326,-71.413915,52.4,4.29K,13651921209,Huaquen Run,Run
-32.341298,-71.413915,52.3,4.29K,13651921209,Huaquen Run,Run
-32.341271,-71.413903,52.1,4.29K,13651921209,Huaquen Run,Run
-32.341235,-71.413888,51.9,4.29K,13651921209,Huaquen Run,Run
-32.341214,-71.413872,51.8,4.29K,13651921209,Huaquen Run,Run
-32.341182,-71.413823,51.6,4.29K,13651921209,Huaquen Run,Run
-32.341171,-71.413803,51.5,4.29K,13651921209,Huaquen Run,Run
-32.341161,-71.413783,51.4,4.29K,13651921209,Huaquen Run,Run
-32.341141,-71.41375,51.2,4.29K,13651921209,Huaquen Run,Run
-32.341122,-71.413729,51.1,4.29K,13651921209,Huaquen Run,Run
-32.341109,-71.413694,50.9,4.29K,13651921209,Huaquen Run,Run
-32.34109,-71.413662,50.7,4.29K,13651921209,Huaquen Run,Run
-32.341072,-71.413648,50.6,4.29K,13651921209,Huaquen Run,Run
-32.341062,-71.413616,50.4,4.29K,13651921209,Huaquen Run,Run
-32.341043,-71.413596,50.3,4.29K,13651921209,Huaquen Run,Run
-32.341021,-71.413566,50.1,4.29K,13651921209,Huaquen Run,Run
-32.341009,-71.413529,49.9,4.29K,13651921209,Huaquen Run,Run
-32.340994,-71.413507,49.7,4.29K,13651921209,Huaquen Run,Run
-32.340977,-71.413477,49.6,4.29K,13651921209,Huaquen Run,Run
-32.340956,-71.413455,49.4,4.29K,13651921209,Huaquen Run,Run
-32.340934,-71.413435,49.2,4.29K,13651921209,Huaquen Run,Run
-32.340921,-71.413398,49.0,4.29K,13651921209,Huaquen Run,Run
-32.340912,-71.413373,48.9,4.29K,13651921209,Huaquen Run,Run
-32.340881,-71.413331,48.6,4.29K,13651921209,Huaquen Run,Run
-32.340869,-71.413316,48.5,4.29K,13651921209,Huaquen Run,Run
-32.340858,-71.413302,48.4,4.29K,13651921209,Huaquen Run,Run
-32.340844,-71.413264,48.2,4.29K,13651921209,Huaquen Run,Run
-32.340829,-71.413242,48.1,4.29K,13651921209,Huaquen Run,Run
-32.340812,-71.413213,48.0,4.29K,13651921209,Huaquen Run,Run
-32.340797,-71.413183,47.8,4.29K,13651921209,Huaquen Run,Run
-32.340778,-71.413156,47.7,4.29K,13651921209,Huaquen Run,Run
-32.34075,-71.413097,47.3,4.29K,13651921209,Huaquen Run,Run
-32.340735,-71.413077,47.2,4.29K,13651921209,Huaquen Run,Run
-32.340719,-71.413057,47.0,4.29K,13651921209,Huaquen Run,Run
-32.340704,-71.413037,46.9,4.29K,13651921209,Huaquen Run,Run
-32.340689,-71.413017,46.7,4.29K,13651921209,Huaquen Run,Run
-32.340668,-71.412978,46.5,4.29K,13651921209,Huaquen Run,Run
-32.340646,-71.412952,46.4,4.29K,13651921209,Huaquen Run,Run
-32.340629,-71.412921,46.3,4.29K,13651921209,Huaquen Run,Run
-32.34061,-71.412895,46.2,4.29K,13651921209,Huaquen Run,Run
-32.340582,-71.412876,46.1,4.29K,13651921209,Huaquen Run,Run
-32.340568,-71.412838,46.0,4.29K,13651921209,Huaquen Run,Run
-32.340553,-71.412809,45.9,4.29K,13651921209,Huaquen Run,Run
-32.340527,-71.41276,45.8,4.29K,13651921209,Huaquen Run,Run
-32.340515,-71.412744,45.7,4.29K,13651921209,Huaquen Run,Run
-32.340503,-71.412728,45.7,4.29K,13651921209,Huaquen Run,Run
-32.340495,-71.412693,45.7,4.29K,13651921209,Huaquen Run,Run
-32.340475,-71.412667,45.6,4.29K,13651921209,Huaquen Run,Run
-32.340446,-71.412645,45.6,4.29K,13651921209,Huaquen Run,Run
-32.340435,-71.412618,45.6,4.29K,13651921209,Huaquen Run,Run
-32.340409,-71.412596,45.7,4.29K,13651921209,Huaquen Run,Run
-32.340389,-71.412545,45.8,4.29K,13651921209,Huaquen Run,Run
-32.340379,-71.412528,45.8,4.29K,13651921209,Huaquen Run,Run
-32.340369,-71.412511,45.9,4.29K,13651921209,Huaquen Run,Run
-32.340367,-71.41248,46.0,4.29K,13651921209,Huaquen Run,Run
-32.340349,-71.412454,46.2,4.29K,13651921209,Huaquen Run,Run
-32.340337,-71.412423,46.3,4.29K,13651921209,Huaquen Run,Run
-32.340327,-71.412398,46.5,4.29K,13651921209,Huaquen Run,Run
-32.340309,-71.412378,46.7,4.29K,13651921209,Huaquen Run,Run
-32.340303,-71.412345,46.9,4.29K,13651921209,Huaquen Run,Run
-32.340293,-71.412317,47.1,4.29K,13651921209,Huaquen Run,Run
-32.34028,-71.412285,47.3,4.29K,13651921209,Huaquen Run,Run
-32.34028,-71.412254,47.6,4.29K,13651921209,Huaquen Run,Run
-32.34027,-71.412229,47.8,4.29K,13651921209,Huaquen Run,Run
-32.340264,-71.412198,48.0,4.29K,13651921209,Huaquen Run,Run
-32.340258,-71.412169,48.2,4.29K,13651921209,Huaquen Run,Run
-32.340247,-71.412141,48.5,4.29K,13651921209,Huaquen Run,Run
-32.340245,-71.412117,48.7,4.29K,13651921209,Huaquen Run,Run
-32.340236,-71.412092,48.9,4.29K,13651921209,Huaquen Run,Run
-32.340231,-71.412059,49.2,4.29K,13651921209,Huaquen Run,Run
-32.340233,-71.412028,49.4,4.29K,13651921209,Huaquen Run,Run
-32.340228,-71.412001,49.6,4.29K,13651921209,Huaquen Run,Run
-32.340221,-71.411971,49.9,4.29K,13651921209,Huaquen Run,Run
-32.340214,-71.411949,50.1,4.29K,13651921209,Huaquen Run,Run
-32.340207,-71.411919,50.3,4.29K,13651921209,Huaquen Run,Run
-32.340215,-71.411887,50.5,4.29K,13651921209,Huaquen Run,Run
-32.340213,-71.411862,50.7,4.29K,13651921209,Huaquen Run,Run
-32.340212,-71.411831,50.9,4.29K,13651921209,Huaquen Run,Run
-32.340215,-71.411802,51.1,4.29K,13651921209,Huaquen Run,Run
-32.340211,-71.411766,51.3,4.29K,13651921209,Huaquen Run,Run
-32.340221,-71.411733,51.5,4.29K,13651921209,Huaquen Run,Run
-32.340221,-71.411698,51.8,4.29K,13651921209,Huaquen Run,Run
-32.340222,-71.411642,52.1,4.29K,13651921209,Huaquen Run,Run
-32.340226,-71.411619,52.3,4.29K,13651921209,Huaquen Run,Run
-32.340229,-71.411597,52.4,4.29K,13651921209,Huaquen Run,Run
-32.340233,-71.411574,52.6,4.29K,13651921209,Huaquen Run,Run
-32.340236,-71.411552,52.8,4.29K,13651921209,Huaquen Run,Run
-32.340233,-71.411521,53.0,4.29K,13651921209,Huaquen Run,Run
-32.340245,-71.411493,53.2,4.29K,13651921209,Huaquen Run,Run
-32.340247,-71.411461,53.4,4.29K,13651921209,Huaquen Run,Run
-32.340251,-71.41143,53.6,4.29K,13651921209,Huaquen Run,Run
-32.340252,-71.411405,53.8,4.29K,13651921209,Huaquen Run,Run
-32.340254,-71.411375,54.0,4.29K,13651921209,Huaquen Run,Run
-32.340258,-71.411341,54.2,4.29K,13651921209,Huaquen Run,Run
-32.340255,-71.41132,54.4,4.29K,13651921209,Huaquen Run,Run
-32.340262,-71.411286,54.6,4.29K,13651921209,Huaquen Run,Run
-32.340269,-71.411255,54.9,4.29K,13651921209,Huaquen Run,Run
-32.340272,-71.411225,55.1,4.29K,13651921209,Huaquen Run,Run
-32.340281,-71.411194,55.3,4.29K,13651921209,Huaquen Run,Run
-32.340282,-71.411164,55.5,4.29K,13651921209,Huaquen Run,Run
-32.340287,-71.411129,55.7,4.29K,13651921209,Huaquen Run,Run
-32.340286,-71.411104,55.9,4.29K,13651921209,Huaquen Run,Run
-32.340285,-71.411084,56.0,4.29K,13651921209,Huaquen Run,Run
-32.340294,-71.411046,56.3,4.29K,13651921209,Huaquen Run,Run
-32.340297,-71.411018,56.4,4.29K,13651921209,Huaquen Run,Run
-32.340303,-71.410993,56.6,4.29K,13651921209,Huaquen Run,Run
-32.340311,-71.410962,56.8,4.29K,13651921209,Huaquen Run,Run
-32.340303,-71.410938,56.9,4.29K,13651921209,Huaquen Run,Run
-32.340311,-71.410906,57.1,4.29K,13651921209,Huaquen Run,Run
-32.34031,-71.410876,57.2,4.29K,13651921209,Huaquen Run,Run
-32.340305,-71.410849,57.4,4.29K,13651921209,Huaquen Run,Run
-32.340316,-71.410817,57.5,4.29K,13651921209,Huaquen Run,Run
-32.340314,-71.41079,57.6,4.29K,13651921209,Huaquen Run,Run
-32.340317,-71.410758,57.8,4.29K,13651921209,Huaquen Run,Run
-32.340316,-71.41073,57.9,4.29K,13651921209,Huaquen Run,Run
-32.340313,-71.4107,58.1,4.29K,13651921209,Huaquen Run,Run
-32.340315,-71.410669,58.2,4.29K,13651921209,Huaquen Run,Run
-32.340317,-71.410649,58.3,4.29K,13651921209,Huaquen Run,Run
-32.340318,-71.410619,58.4,4.29K,13651921209,Huaquen Run,Run
-32.340318,-71.410588,58.5,4.29K,13651921209,Huaquen Run,Run
-32.340306,-71.410566,58.5,4.29K,13651921209,Huaquen Run,Run
-32.3403,-71.410538,58.6,4.29K,13651921209,Huaquen Run,Run
-32.3403,-71.410506,58.7,4.29K,13651921209,Huaquen Run,Run
-32.340298,-71.410482,58.7,4.29K,13651921209,Huaquen Run,Run
-32.340291,-71.410457,58.8,4.29K,13651921209,Huaquen Run,Run
-32.340283,-71.410434,58.8,4.29K,13651921209,Huaquen Run,Run
-32.340273,-71.410397,58.8,4.29K,13651921209,Huaquen Run,Run
-32.340264,-71.410373,58.8,4.29K,13651921209,Huaquen Run,Run
-32.340247,-71.410345,58.8,4.29K,13651921209,Huaquen Run,Run
-32.340233,-71.410318,58.8,4.29K,13651921209,Huaquen Run,Run
-32.340217,-71.410274,58.8,4.29K,13651921209,Huaquen Run,Run
-32.34021,-71.410257,58.8,4.29K,13651921209,Huaquen Run,Run
-32.340202,-71.41024,58.8,4.29K,13651921209,Huaquen Run,Run
-32.34019,-71.410214,58.9,4.29K,13651921209,Huaquen Run,Run
-32.340177,-71.410187,58.9,4.29K,13651921209,Huaquen Run,Run
-32.340146,-71.41016,58.9,4.29K,13651921209,Huaquen Run,Run
-32.340133,-71.41015,59.0,4.29K,13651921209,Huaquen Run,Run
-32.340121,-71.41014,59.0,4.29K,13651921209,Huaquen Run,Run
-32.340105,-71.410118,59.1,4.29K,13651921209,Huaquen Run,Run
-32.34009,-71.410095,59.2,4.29K,13651921209,Huaquen Run,Run
-32.340066,-71.410064,59.3,4.29K,13651921209,Huaquen Run,Run
-32.340054,-71.410049,59.4,4.29K,13651921209,Huaquen Run,Run
-32.340041,-71.410035,59.5,4.29K,13651921209,Huaquen Run,Run
-32.340025,-71.410027,59.5,4.29K,13651921209,Huaquen Run,Run
-32.340006,-71.410019,59.6,4.29K,13651921209,Huaquen Run,Run
-32.339986,-71.410014,59.8,4.29K,13651921209,Huaquen Run,Run
-32.339965,-71.409994,59.9,4.29K,13651921209,Huaquen Run,Run
-32.339949,-71.409983,60.1,4.29K,13651921209,Huaquen Run,Run
-32.339927,-71.40997,60.2,4.29K,13651921209,Huaquen Run,Run
-32.339898,-71.409965,60.4,4.29K,13651921209,Huaquen Run,Run
-32.339875,-71.409965,60.6,4.29K,13651921209,Huaquen Run,Run
-32.339848,-71.409961,60.8,4.29K,13651921209,Huaquen Run,Run
-32.339823,-71.409954,60.9,4.29K,13651921209,Huaquen Run,Run
-32.339802,-71.409964,61.1,4.29K,13651921209,Huaquen Run,Run
-32.339779,-71.40996,61.2,4.29K,13651921209,Huaquen Run,Run
-32.339757,-71.409961,61.3,4.29K,13651921209,Huaquen Run,Run
-32.33973,-71.409964,61.5,4.29K,13651921209,Huaquen Run,Run
-32.339703,-71.409956,61.6,4.29K,13651921209,Huaquen Run,Run
-32.339683,-71.409953,61.7,4.29K,13651921209,Huaquen Run,Run
-32.33965,-71.409947,61.9,4.29K,13651921209,Huaquen Run,Run
-32.339628,-71.409946,62.0,4.29K,13651921209,Huaquen Run,Run
-32.339602,-71.409949,62.0,4.29K,13651921209,Huaquen Run,Run
-32.339573,-71.409941,62.0,4.29K,13651921209,Huaquen Run,Run
-32.339549,-71.409947,62.0,4.29K,13651921209,Huaquen Run,Run
-32.339516,-71.409947,62.0,4.29K,13651921209,Huaquen Run,Run
-32.339496,-71.409949,62.0,4.29K,13651921209,Huaquen Run,Run
-32.339464,-71.409944,62.1,4.29K,13651921209,Huaquen Run,Run
-32.339438,-71.409951,62.2,4.29K,13651921209,Huaquen Run,Run
-32.339412,-71.409967,62.2,4.29K,13651921209,Huaquen Run,Run
-32.339379,-71.409975,62.3,4.29K,13651921209,Huaquen Run,Run
-32.339357,-71.409979,62.3,4.29K,13651921209,Huaquen Run,Run
-32.339331,-71.409977,62.4,4.29K,13651921209,Huaquen Run,Run
-32.339313,-71.409971,62.4,4.29K,13651921209,Huaquen Run,Run
-32.339289,-71.409981,62.4,4.29K,13651921209,Huaquen Run,Run
-32.339259,-71.409982,62.4,4.29K,13651921209,Huaquen Run,Run
-32.339236,-71.40999,62.4,4.29K,13651921209,Huaquen Run,Run
-32.339209,-71.409985,62.4,4.29K,13651921209,Huaquen Run,Run
-32.339186,-71.409989,62.4,4.29K,13651921209,Huaquen Run,Run
-32.339163,-71.409995,62.3,4.29K,13651921209,Huaquen Run,Run
-32.339136,-71.41,62.3,4.29K,13651921209,Huaquen Run,Run
-32.339113,-71.41001,62.3,4.29K,13651921209,Huaquen Run,Run
-32.339068,-71.410018,62.2,4.29K,13651921209,Huaquen Run,Run
-32.339052,-71.410023,62.2,4.29K,13651921209,Huaquen Run,Run
-32.339036,-71.410028,62.1,4.29K,13651921209,Huaquen Run,Run
-32.339011,-71.41003,62.1,4.29K,13651921209,Huaquen Run,Run
-32.338989,-71.41003,62.0,4.29K,13651921209,Huaquen Run,Run
-32.338963,-71.410047,62.0,4.29K,13651921209,Huaquen Run,Run
-32.338933,-71.410044,61.9,4.29K,13651921209,Huaquen Run,Run
-32.338914,-71.410053,61.9,4.29K,13651921209,Huaquen Run,Run
-32.338884,-71.410074,61.8,4.29K,13651921209,Huaquen Run,Run
-32.338854,-71.41008,61.6,4.29K,13651921209,Huaquen Run,Run
-32.338827,-71.410089,61.5,4.29K,13651921209,Huaquen Run,Run
-32.338795,-71.410088,61.2,4.29K,13651921209,Huaquen Run,Run
-32.338772,-71.410101,61.1,4.29K,13651921209,Huaquen Run,Run
-32.338748,-71.410114,60.9,4.29K,13651921209,Huaquen Run,Run
-32.338711,-71.410115,60.6,4.29K,13651921209,Huaquen Run,Run
-32.338695,-71.410119,60.4,4.29K,13651921209,Huaquen Run,Run
-32.338675,-71.410136,60.2,4.29K,13651921209,Huaquen Run,Run
-32.338651,-71.410153,60.0,4.29K,13651921209,Huaquen Run,Run
-32.338623,-71.410155,59.8,4.29K,13651921209,Huaquen Run,Run
-32.33859,-71.410146,59.5,4.29K,13651921209,Huaquen Run,Run
-32.338565,-71.410159,59.2,4.29K,13651921209,Huaquen Run,Run
-32.33854,-71.410175,59.0,4.29K,13651921209,Huaquen Run,Run
-32.338513,-71.410179,58.7,4.29K,13651921209,Huaquen Run,Run
-32.338489,-71.410185,58.5,4.29K,13651921209,Huaquen Run,Run
-32.33846,-71.410186,58.2,4.29K,13651921209,Huaquen Run,Run
-32.338428,-71.410186,57.8,4.29K,13651921209,Huaquen Run,Run
-32.338395,-71.410196,57.5,4.29K,13651921209,Huaquen Run,Run
-32.33837,-71.410199,57.2,4.29K,13651921209,Huaquen Run,Run
-32.338326,-71.410221,56.8,4.29K,13651921209,Huaquen Run,Run
-32.338307,-71.41023,56.6,4.29K,13651921209,Huaquen Run,Run
-32.338287,-71.410239,56.4,4.29K,13651921209,Huaquen Run,Run
-32.338262,-71.410242,56.1,4.29K,13651921209,Huaquen Run,Run
-32.338221,-71.410256,55.7,4.29K,13651921209,Huaquen Run,Run
-32.338205,-71.410267,55.5,4.29K,13651921209,Huaquen Run,Run
-32.338188,-71.410277,55.4,4.29K,13651921209,Huaquen Run,Run
-32.338159,-71.410271,55.1,4.29K,13651921209,Huaquen Run,Run
-32.338129,-71.410286,54.8,4.29K,13651921209,Huaquen Run,Run
-32.338105,-71.410284,54.6,4.29K,13651921209,Huaquen Run,Run
-32.338084,-71.410292,54.4,4.29K,13651921209,Huaquen Run,Run
-32.338059,-71.410303,54.2,4.29K,13651921209,Huaquen Run,Run
-32.338036,-71.410306,54.0,4.29K,13651921209,Huaquen Run,Run
-32.33801,-71.41032,53.8,4.29K,13651921209,Huaquen Run,Run
-32.337982,-71.410323,53.6,4.29K,13651921209,Huaquen Run,Run
-32.33796,-71.410316,53.4,4.29K,13651921209,Huaquen Run,Run
-32.337933,-71.410329,53.1,4.29K,13651921209,Huaquen Run,Run
-32.337908,-71.410335,52.9,4.29K,13651921209,Huaquen Run,Run
-32.337885,-71.410346,52.7,4.29K,13651921209,Huaquen Run,Run
-32.337857,-71.41035,52.5,4.29K,13651921209,Huaquen Run,Run
-32.337828,-71.410349,52.2,4.29K,13651921209,Huaquen Run,Run
-32.337808,-71.410363,52.0,4.29K,13651921209,Huaquen Run,Run
-32.337778,-71.410376,51.8,4.29K,13651921209,Huaquen Run,Run
-32.337745,-71.410374,51.5,4.29K,13651921209,Huaquen Run,Run
-32.337713,-71.410391,51.2,4.29K,13651921209,Huaquen Run,Run
-32.337695,-71.410391,51.1,4.29K,13651921209,Huaquen Run,Run
-32.337672,-71.410394,51.0,4.29K,13651921209,Huaquen Run,Run
-32.337653,-71.410406,50.8,4.29K,13651921209,Huaquen Run,Run
-32.337626,-71.410411,50.6,4.29K,13651921209,Huaquen Run,Run
-32.337601,-71.410413,50.5,4.29K,13651921209,Huaquen Run,Run
-32.337584,-71.410424,50.4,4.29K,13651921209,Huaquen Run,Run
-32.33756,-71.410424,50.3,4.29K,13651921209,Huaquen Run,Run
-32.337533,-71.410439,50.1,4.29K,13651921209,Huaquen Run,Run
-32.337508,-71.410441,50.0,4.29K,13651921209,Huaquen Run,Run
-32.337479,-71.41045,49.9,4.29K,13651921209,Huaquen Run,Run
-32.337454,-71.410454,49.7,4.29K,13651921209,Huaquen Run,Run
-32.337428,-71.410443,49.6,4.29K,13651921209,Huaquen Run,Run
-32.337403,-71.41046,49.5,4.29K,13651921209,Huaquen Run,Run
-32.337378,-71.410476,49.4,4.29K,13651921209,Huaquen Run,Run
-32.337358,-71.410474,49.3,4.29K,13651921209,Huaquen Run,Run
-32.337334,-71.410484,49.2,4.29K,13651921209,Huaquen Run,Run
-32.337311,-71.410492,49.1,4.29K,13651921209,Huaquen Run,Run
-32.337288,-71.410502,49.1,4.29K,13651921209,Huaquen Run,Run
-32.337268,-71.410511,49.0,4.29K,13651921209,Huaquen Run,Run
-32.337259,-71.410524,49.0,4.29K,13651921209,Huaquen Run,Run
-32.337236,-71.410541,49.1,4.29K,13651921209,Huaquen Run,Run
-32.337206,-71.41055,49.2,4.29K,13651921209,Huaquen Run,Run
-32.337181,-71.410558,49.2,4.29K,13651921209,Huaquen Run,Run
-32.337158,-71.410563,49.3,4.29K,13651921209,Huaquen Run,Run
-32.337141,-71.410573,49.3,4.29K,13651921209,Huaquen Run,Run
-32.337115,-71.410585,49.4,4.29K,13651921209,Huaquen Run,Run
-32.337073,-71.410608,49.5,4.29K,13651921209,Huaquen Run,Run
-32.337054,-71.410614,49.5,4.29K,13651921209,Huaquen Run,Run
-32.337036,-71.410619,49.6,4.29K,13651921209,Huaquen Run,Run
-32.337013,-71.410613,49.7,4.29K,13651921209,Huaquen Run,Run
-32.336988,-71.410626,49.8,4.29K,13651921209,Huaquen Run,Run
-32.336961,-71.410642,49.8,4.29K,13651921209,Huaquen Run,Run
-32.33694,-71.410653,49.9,4.29K,13651921209,Huaquen Run,Run
-32.336915,-71.41067,50.0,4.29K,13651921209,Huaquen Run,Run
-32.33689,-71.410671,50.1,4.29K,13651921209,Huaquen Run,Run
-32.336868,-71.410686,50.1,4.29K,13651921209,Huaquen Run,Run
-32.336835,-71.410695,50.2,4.29K,13651921209,Huaquen Run,Run
-32.336817,-71.410702,50.3,4.29K,13651921209,Huaquen Run,Run
-32.336796,-71.410714,50.3,4.29K,13651921209,Huaquen Run,Run
-32.336772,-71.410722,50.4,4.29K,13651921209,Huaquen Run,Run
-32.336752,-71.410727,50.5,4.29K,13651921209,Huaquen Run,Run
-32.336726,-71.410733,50.5,4.29K,13651921209,Huaquen Run,Run
-32.336703,-71.410739,50.6,4.29K,13651921209,Huaquen Run,Run
-32.336679,-71.410748,50.7,4.29K,13651921209,Huaquen Run,Run
-32.336652,-71.410757,50.8,4.29K,13651921209,Huaquen Run,Run
-32.336632,-71.410764,50.9,4.29K,13651921209,Huaquen Run,Run
-32.336613,-71.410773,51.0,4.29K,13651921209,Huaquen Run,Run
-32.336585,-71.410783,51.1,4.29K,13651921209,Huaquen Run,Run
-32.336564,-71.410787,51.1,4.29K,13651921209,Huaquen Run,Run
-32.336542,-71.410799,51.2,4.29K,13651921209,Huaquen Run,Run
-32.336519,-71.410807,51.3,4.29K,13651921209,Huaquen Run,Run
-32.336498,-71.410818,51.4,4.29K,13651921209,Huaquen Run,Run
-32.336468,-71.410828,51.6,4.29K,13651921209,Huaquen Run,Run
-32.336448,-71.410839,51.7,4.29K,13651921209,Huaquen Run,Run
-32.336427,-71.41085,51.8,4.29K,13651921209,Huaquen Run,Run
-32.336403,-71.410857,51.9,4.29K,13651921209,Huaquen Run,Run
-32.336384,-71.410869,52.0,4.29K,13651921209,Huaquen Run,Run
-32.336354,-71.410879,52.2,4.29K,13651921209,Huaquen Run,Run
-32.336332,-71.410883,52.3,4.29K,13651921209,Huaquen Run,Run
-32.33631,-71.410894,52.5,4.29K,13651921209,Huaquen Run,Run
-32.336281,-71.410902,52.7,4.29K,13651921209,Huaquen Run,Run
-32.336263,-71.410907,52.7,4.29K,13651921209,Huaquen Run,Run
-32.336238,-71.410919,52.9,4.29K,13651921209,Huaquen Run,Run
-32.336211,-71.410924,53.0,4.29K,13651921209,Huaquen Run,Run
-32.336189,-71.410933,53.0,4.29K,13651921209,Huaquen Run,Run
-32.336159,-71.410941,53.1,4.29K,13651921209,Huaquen Run,Run
-32.336144,-71.410948,53.1,4.29K,13651921209,Huaquen Run,Run
-32.336116,-71.41096,53.1,4.29K,13651921209,Huaquen Run,Run
-32.336088,-71.410967,53.1,4.29K,13651921209,Huaquen Run,Run
-32.336066,-71.410987,53.1,4.29K,13651921209,Huaquen Run,Run
-32.336037,-71.410997,53.1,4.29K,13651921209,Huaquen Run,Run
-32.336016,-71.411001,53.0,4.29K,13651921209,Huaquen Run,Run
-32.335986,-71.411009,53.0,4.29K,13651921209,Huaquen Run,Run
-32.335964,-71.411016,52.9,4.29K,13651921209,Huaquen Run,Run
-32.335938,-71.411026,52.8,4.29K,13651921209,Huaquen Run,Run
-32.335906,-71.411034,52.7,4.29K,13651921209,Huaquen Run,Run
-32.335884,-71.411041,52.6,4.29K,13651921209,Huaquen Run,Run
-32.335851,-71.411058,52.4,4.29K,13651921209,Huaquen Run,Run
-32.335824,-71.411065,52.3,4.29K,13651921209,Huaquen Run,Run
-32.335801,-71.411078,52.1,4.29K,13651921209,Huaquen Run,Run
-32.335774,-71.41109,52.0,4.29K,13651921209,Huaquen Run,Run
-32.335754,-71.411105,51.8,4.29K,13651921209,Huaquen Run,Run
-32.335722,-71.411107,51.7,4.29K,13651921209,Huaquen Run,Run
-32.335702,-71.411121,51.5,4.29K,13651921209,Huaquen Run,Run
-32.33567,-71.411129,51.3,4.29K,13651921209,Huaquen Run,Run
-32.335637,-71.411138,51.1,4.29K,13651921209,Huaquen Run,Run
-32.335614,-71.411145,50.9,4.29K,13651921209,Huaquen Run,Run
-32.335579,-71.411147,50.6,4.29K,13651921209,Huaquen Run,Run
-32.335562,-71.41115,50.5,4.29K,13651921209,Huaquen Run,Run
-32.335533,-71.411163,50.3,4.29K,13651921209,Huaquen Run,Run
-32.335514,-71.41118,50.1,4.29K,13651921209,Huaquen Run,Run
-32.335493,-71.411186,49.9,4.29K,13651921209,Huaquen Run,Run
-32.33546,-71.411195,49.6,4.29K,13651921209,Huaquen Run,Run
-32.335442,-71.411202,49.5,4.29K,13651921209,Huaquen Run,Run
-32.335418,-71.411218,49.2,4.29K,13651921209,Huaquen Run,Run
-32.335391,-71.411226,49.0,4.29K,13651921209,Huaquen Run,Run
-32.335365,-71.411234,48.8,4.29K,13651921209,Huaquen Run,Run
-32.335333,-71.411235,48.6,4.29K,13651921209,Huaquen Run,Run
-32.335312,-71.411244,48.4,4.29K,13651921209,Huaquen Run,Run
-32.335289,-71.411249,48.2,4.29K,13651921209,Huaquen Run,Run
-32.335262,-71.411254,48.0,4.29K,13651921209,Huaquen Run,Run
-32.335241,-71.411264,47.9,4.29K,13651921209,Huaquen Run,Run
-32.335216,-71.411269,47.7,4.29K,13651921209,Huaquen Run,Run
-32.335189,-71.411272,47.5,4.29K,13651921209,Huaquen Run,Run
-32.335168,-71.411281,47.3,4.29K,13651921209,Huaquen Run,Run
-32.335146,-71.411284,47.2,4.29K,13651921209,Huaquen Run,Run
-32.335125,-71.411286,47.0,4.29K,13651921209,Huaquen Run,Run
-32.335092,-71.411285,46.8,4.29K,13651921209,Huaquen Run,Run
-32.335069,-71.411293,46.7,4.29K,13651921209,Huaquen Run,Run
-32.335057,-71.41131,46.6,4.29K,13651921209,Huaquen Run,Run
-32.335065,-71.411335,46.4,4.29K,13651921209,Huaquen Run,Run
-32.335091,-71.411366,46.2,4.29K,13651921209,Huaquen Run,Run
-32.335135,-71.411365,46.4,4.29K,13651921209,Huaquen Run,Run
-32.335169,-71.411343,46.6,4.29K,13651921209,Huaquen Run,Run
-32.335197,-71.41132,46.8,4.29K,13651921209,Huaquen Run,Run
-32.335216,-71.411314,47.0,4.29K,13651921209,Huaquen Run,Run
-32.335238,-71.411301,47.1,4.29K,13651921209,Huaquen Run,Run
-32.335264,-71.411288,47.3,4.29K,13651921209,Huaquen Run,Run
-32.33528,-71.411276,47.5,4.29K,13651921209,Huaquen Run,Run
-32.335311,-71.411264,47.7,4.29K,13651921209,Huaquen Run,Run
-32.335335,-71.411252,47.9,4.29K,13651921209,Huaquen Run,Run
-32.335356,-71.411242,48.1,4.29K,13651921209,Huaquen Run,Run
-32.335382,-71.411229,48.3,4.29K,13651921209,Huaquen Run,Run
-32.335401,-71.411221,48.4,4.29K,13651921209,Huaquen Run,Run
-32.335425,-71.411209,48.6,4.29K,13651921209,Huaquen Run,Run
-32.335449,-71.411202,48.8,4.29K,13651921209,Huaquen Run,Run
-32.335467,-71.411198,49.0,4.29K,13651921209,Huaquen Run,Run
-32.335499,-71.411189,49.3,4.29K,13651921209,Huaquen Run,Run
-32.335538,-71.411174,49.6,4.29K,13651921209,Huaquen Run,Run
-32.335554,-71.411167,49.8,4.29K,13651921209,Huaquen Run,Run
-32.33557,-71.411159,49.9,4.29K,13651921209,Huaquen Run,Run
-32.335589,-71.411159,50.1,4.29K,13651921209,Huaquen Run,Run
-32.33561,-71.411148,50.3,4.29K,13651921209,Huaquen Run,Run
-32.335632,-71.411138,50.5,4.29K,13651921209,Huaquen Run,Run
-32.335651,-71.411131,50.6,4.29K,13651921209,Huaquen Run,Run
-32.335678,-71.411124,50.8,4.29K,13651921209,Huaquen Run,Run
-32.335699,-71.411114,51.0,4.29K,13651921209,Huaquen Run,Run
-32.335724,-71.411101,51.2,4.29K,13651921209,Huaquen Run,Run
-32.335751,-71.4111,51.4,4.29K,13651921209,Huaquen Run,Run
-32.335768,-71.411092,51.5,4.29K,13651921209,Huaquen Run,Run
-32.335798,-71.411075,51.7,4.29K,13651921209,Huaquen Run,Run
-32.335817,-71.411069,51.8,4.29K,13651921209,Huaquen Run,Run
-32.335837,-71.411064,52.0,4.29K,13651921209,Huaquen Run,Run
-32.335866,-71.411056,52.1,4.29K,13651921209,Huaquen Run,Run
-32.335881,-71.41105,52.2,4.29K,13651921209,Huaquen Run,Run
-32.335902,-71.411048,52.3,4.29K,13651921209,Huaquen Run,Run
-32.33593,-71.411039,52.5,4.29K,13651921209,Huaquen Run,Run
-32.335955,-71.411033,52.6,4.29K,13651921209,Huaquen Run,Run
-32.335981,-71.411025,52.7,4.29K,13651921209,Huaquen Run,Run
-32.336,-71.411019,52.8,4.29K,13651921209,Huaquen Run,Run
-32.336024,-71.411009,52.9,4.29K,13651921209,Huaquen Run,Run
-32.336065,-71.410994,53.0,4.29K,13651921209,Huaquen Run,Run
-32.336079,-71.410987,53.0,4.29K,13651921209,Huaquen Run,Run
-32.336094,-71.410981,53.1,4.29K,13651921209,Huaquen Run,Run
-32.336114,-71.410973,53.1,4.29K,13651921209,Huaquen Run,Run
-32.33614,-71.410966,53.1,4.29K,13651921209,Huaquen Run,Run
-32.33617,-71.410959,53.1,4.29K,13651921209,Huaquen Run,Run
-32.336193,-71.410951,53.1,4.29K,13651921209,Huaquen Run,Run
-32.336219,-71.410931,53.1,4.29K,13651921209,Huaquen Run,Run
-32.336237,-71.410915,53.0,4.29K,13651921209,Huaquen Run,Run
-32.336267,-71.410906,52.9,4.29K,13651921209,Huaquen Run,Run
-32.336296,-71.4109,52.8,4.29K,13651921209,Huaquen Run,Run
-32.336315,-71.410888,52.7,4.29K,13651921209,Huaquen Run,Run
-32.336343,-71.410878,52.6,4.29K,13651921209,Huaquen Run,Run
-32.33636,-71.410869,52.4,4.29K,13651921209,Huaquen Run,Run
-32.336386,-71.410868,52.3,4.29K,13651921209,Huaquen Run,Run
-32.336415,-71.41086,52.1,4.29K,13651921209,Huaquen Run,Run
-32.33643,-71.410847,52.0,4.29K,13651921209,Huaquen Run,Run
-32.336459,-71.410837,51.8,4.29K,13651921209,Huaquen Run,Run
-32.33648,-71.410833,51.7,4.29K,13651921209,Huaquen Run,Run
-32.336503,-71.410822,51.6,4.29K,13651921209,Huaquen Run,Run
-32.336525,-71.410809,51.5,4.29K,13651921209,Huaquen Run,Run
-32.336543,-71.410794,51.4,4.29K,13651921209,Huaquen Run,Run
-32.336571,-71.41078,51.3,4.29K,13651921209,Huaquen Run,Run
-32.3366,-71.410779,51.1,4.29K,13651921209,Huaquen Run,Run
-32.336628,-71.410776,51.0,4.29K,13651921209,Huaquen Run,Run
-32.336656,-71.410757,50.9,4.29K,13651921209,Huaquen Run,Run
-32.336674,-71.410742,50.8,4.29K,13651921209,Huaquen Run,Run
-32.3367,-71.410729,50.7,4.29K,13651921209,Huaquen Run,Run
-32.336739,-71.410712,50.6,4.29K,13651921209,Huaquen Run,Run
-32.336755,-71.410704,50.5,4.29K,13651921209,Huaquen Run,Run
-32.336771,-71.410696,50.5,4.29K,13651921209,Huaquen Run,Run
-32.336794,-71.410684,50.4,4.29K,13651921209,Huaquen Run,Run
-32.336824,-71.410682,50.3,4.29K,13651921209,Huaquen Run,Run
-32.336844,-71.410675,50.2,4.29K,13651921209,Huaquen Run,Run
-32.336864,-71.410663,50.2,4.29K,13651921209,Huaquen Run,Run
-32.336893,-71.410659,50.1,4.29K,13651921209,Huaquen Run,Run
-32.336912,-71.410647,50.0,4.29K,13651921209,Huaquen Run,Run
-32.336942,-71.410637,49.9,4.29K,13651921209,Huaquen Run,Run
-32.336963,-71.410627,49.9,4.29K,13651921209,Huaquen Run,Run
-32.336987,-71.410626,49.8,4.29K,13651921209,Huaquen Run,Run
-32.337018,-71.410624,49.7,4.29K,13651921209,Huaquen Run,Run
-32.337038,-71.410611,49.6,4.29K,13651921209,Huaquen Run,Run
-32.337065,-71.410592,49.5,4.29K,13651921209,Huaquen Run,Run
-32.337088,-71.410576,49.5,4.29K,13651921209,Huaquen Run,Run
-32.337106,-71.410562,49.4,4.29K,13651921209,Huaquen Run,Run
-32.337139,-71.410554,49.3,4.29K,13651921209,Huaquen Run,Run
-32.337171,-71.410536,49.2,4.29K,13651921209,Huaquen Run,Run
-32.337186,-71.410528,49.2,4.29K,13651921209,Huaquen Run,Run
-32.337201,-71.410521,49.2,4.29K,13651921209,Huaquen Run,Run
-32.337218,-71.410497,49.1,4.29K,13651921209,Huaquen Run,Run
-32.33725,-71.410491,49.0,4.29K,13651921209,Huaquen Run,Run
-32.337274,-71.410483,49.0,4.29K,13651921209,Huaquen Run,Run
-32.3373,-71.410478,49.1,4.29K,13651921209,Huaquen Run,Run
-32.337326,-71.410471,49.2,4.29K,13651921209,Huaquen Run,Run
-32.337352,-71.410456,49.3,4.29K,13651921209,Huaquen Run,Run
-32.337386,-71.410455,49.5,4.29K,13651921209,Huaquen Run,Run
-32.337406,-71.410453,49.5,4.29K,13651921209,Huaquen Run,Run
-32.337433,-71.410444,49.7,4.29K,13651921209,Huaquen Run,Run
-32.33746,-71.410431,49.8,4.29K,13651921209,Huaquen Run,Run
-32.337482,-71.410421,49.9,4.29K,13651921209,Huaquen Run,Run
-32.337511,-71.410418,50.0,4.29K,13651921209,Huaquen Run,Run
-32.337528,-71.410415,50.1,4.29K,13651921209,Huaquen Run,Run
-32.337552,-71.410403,50.3,4.29K,13651921209,Huaquen Run,Run
-32.337578,-71.410394,50.4,4.29K,13651921209,Huaquen Run,Run
-32.337597,-71.41039,50.5,4.29K,13651921209,Huaquen Run,Run
-32.337631,-71.41038,50.7,4.29K,13651921209,Huaquen Run,Run
-32.337651,-71.410374,50.9,4.29K,13651921209,Huaquen Run,Run
-32.337669,-71.410363,51.0,4.29K,13651921209,Huaquen Run,Run
-32.337701,-71.410351,51.2,4.29K,13651921209,Huaquen Run,Run
-32.337718,-71.410342,51.4,4.29K,13651921209,Huaquen Run,Run
-32.33774,-71.41034,51.5,4.29K,13651921209,Huaquen Run,Run
-32.337766,-71.410335,51.8,4.29K,13651921209,Huaquen Run,Run
-32.33779,-71.410331,52.0,4.29K,13651921209,Huaquen Run,Run
-32.33782,-71.410323,52.2,4.29K,13651921209,Huaquen Run,Run
-32.337833,-71.410317,52.3,4.29K,13651921209,Huaquen Run,Run
-32.337856,-71.410311,52.5,4.29K,13651921209,Huaquen Run,Run
-32.337882,-71.410306,52.8,4.29K,13651921209,Huaquen Run,Run
-32.337899,-71.410303,52.9,4.29K,13651921209,Huaquen Run,Run
-32.337926,-71.410297,53.2,4.29K,13651921209,Huaquen Run,Run
-32.337949,-71.410289,53.4,4.29K,13651921209,Huaquen Run,Run
-32.337968,-71.410278,53.5,4.29K,13651921209,Huaquen Run,Run
-32.337997,-71.410273,53.8,4.29K,13651921209,Huaquen Run,Run
-32.338011,-71.410276,53.9,4.29K,13651921209,Huaquen Run,Run
-32.338034,-71.410269,54.1,4.29K,13651921209,Huaquen Run,Run
-32.338061,-71.410265,54.3,4.29K,13651921209,Huaquen Run,Run
-32.33808,-71.410261,54.5,4.29K,13651921209,Huaquen Run,Run
-32.33811,-71.410256,54.7,4.29K,13651921209,Huaquen Run,Run
-32.338136,-71.410246,55.0,4.29K,13651921209,Huaquen Run,Run
-32.338161,-71.410236,55.2,4.29K,13651921209,Huaquen Run,Run
-32.338188,-71.410235,55.5,4.29K,13651921209,Huaquen Run,Run
-32.33821,-71.410224,55.7,4.29K,13651921209,Huaquen Run,Run
-32.338239,-71.410211,56.0,4.29K,13651921209,Huaquen Run,Run
-32.338261,-71.410211,56.2,4.29K,13651921209,Huaquen Run,Run
-32.338289,-71.41021,56.5,4.29K,13651921209,Huaquen Run,Run
-32.338317,-71.410203,56.7,4.29K,13651921209,Huaquen Run,Run
-32.338337,-71.410194,56.9,4.29K,13651921209,Huaquen Run,Run
-32.338366,-71.410186,57.2,4.29K,13651921209,Huaquen Run,Run
-32.338405,-71.410178,57.6,4.29K,13651921209,Huaquen Run,Run
-32.338421,-71.410173,57.8,4.29K,13651921209,Huaquen Run,Run
-32.338438,-71.410169,58.0,4.29K,13651921209,Huaquen Run,Run
-32.338456,-71.410162,58.2,4.29K,13651921209,Huaquen Run,Run
-32.338488,-71.410152,58.5,4.29K,13651921209,Huaquen Run,Run
-32.338508,-71.410149,58.7,4.29K,13651921209,Huaquen Run,Run
-32.338536,-71.410139,59.0,4.29K,13651921209,Huaquen Run,Run
-32.33856,-71.410127,59.3,4.29K,13651921209,Huaquen Run,Run
-32.338584,-71.410127,59.5,4.29K,13651921209,Huaquen Run,Run
-32.338614,-71.410128,59.8,4.29K,13651921209,Huaquen Run,Run
-32.338632,-71.410128,59.9,4.29K,13651921209,Huaquen Run,Run
-32.338663,-71.410119,60.2,4.29K,13651921209,Huaquen Run,Run
-32.338685,-71.41011,60.4,4.29K,13651921209,Huaquen Run,Run
-32.338704,-71.410106,60.5,4.29K,13651921209,Huaquen Run,Run
-32.33873,-71.410107,60.7,4.29K,13651921209,Huaquen Run,Run
-32.338753,-71.4101,60.9,4.29K,13651921209,Huaquen Run,Run
-32.338785,-71.41009,61.2,4.29K,13651921209,Huaquen Run,Run
-32.338806,-71.41009,61.3,4.29K,13651921209,Huaquen Run,Run
-32.338833,-71.410089,61.5,4.29K,13651921209,Huaquen Run,Run
-32.338858,-71.410085,61.6,4.29K,13651921209,Huaquen Run,Run
-32.338883,-71.410071,61.8,4.29K,13651921209,Huaquen Run,Run
-32.338912,-71.410069,61.9,4.29K,13651921209,Huaquen Run,Run
-32.338932,-71.410061,61.9,4.29K,13651921209,Huaquen Run,Run
-32.338958,-71.410054,62.0,4.29K,13651921209,Huaquen Run,Run
-32.338984,-71.410053,62.0,4.29K,13651921209,Huaquen Run,Run
-32.339011,-71.410043,62.1,4.29K,13651921209,Huaquen Run,Run
-32.339038,-71.410041,62.1,4.29K,13651921209,Huaquen Run,Run
-32.339059,-71.410032,62.2,4.29K,13651921209,Huaquen Run,Run
-32.339085,-71.410031,62.2,4.29K,13651921209,Huaquen Run,Run
-32.339109,-71.410015,62.3,4.29K,13651921209,Huaquen Run,Run
-32.33913,-71.410001,62.3,4.29K,13651921209,Huaquen Run,Run
-32.33916,-71.410005,62.3,4.29K,13651921209,Huaquen Run,Run
-32.339178,-71.409998,62.4,4.29K,13651921209,Huaquen Run,Run
-32.339222,-71.409999,62.4,4.29K,13651921209,Huaquen Run,Run
-32.339239,-71.409995,62.4,4.29K,13651921209,Huaquen Run,Run
-32.339257,-71.40999,62.4,4.29K,13651921209,Huaquen Run,Run
-32.339285,-71.409984,62.4,4.29K,13651921209,Huaquen Run,Run
-32.339302,-71.409977,62.4,4.29K,13651921209,Huaquen Run,Run
-32.33933,-71.409978,62.4,4.29K,13651921209,Huaquen Run,Run
-32.339354,-71.409985,62.3,4.29K,13651921209,Huaquen Run,Run
-32.339383,-71.409979,62.3,4.29K,13651921209,Huaquen Run,Run
-32.339412,-71.409968,62.2,4.29K,13651921209,Huaquen Run,Run
-32.339433,-71.409959,62.2,4.29K,13651921209,Huaquen Run,Run
-32.339477,-71.409958,62.1,4.29K,13651921209,Huaquen Run,Run
-32.339494,-71.409955,62.0,4.29K,13651921209,Huaquen Run,Run
-32.33951,-71.409951,62.0,4.29K,13651921209,Huaquen Run,Run
-32.339533,-71.409951,62.0,4.29K,13651921209,Huaquen Run,Run
-32.339553,-71.409936,62.0,4.29K,13651921209,Huaquen Run,Run
-32.339584,-71.409932,62.0,4.29K,13651921209,Huaquen Run,Run
-32.339606,-71.409927,62.0,4.29K,13651921209,Huaquen Run,Run
-32.339639,-71.409929,61.9,4.29K,13651921209,Huaquen Run,Run
-32.339668,-71.409938,61.8,4.29K,13651921209,Huaquen Run,Run
-32.339686,-71.409937,61.7,4.29K,13651921209,Huaquen Run,Run
-32.339714,-71.409945,61.6,4.29K,13651921209,Huaquen Run,Run
-32.339734,-71.409939,61.4,4.29K,13651921209,Huaquen Run,Run
-32.339763,-71.409947,61.3,4.29K,13651921209,Huaquen Run,Run
-32.339787,-71.409948,61.1,4.29K,13651921209,Huaquen Run,Run
-32.339812,-71.409947,61.0,4.29K,13651921209,Huaquen Run,Run
-32.339842,-71.409961,60.8,4.29K,13651921209,Huaquen Run,Run
-32.339866,-71.409967,60.6,4.29K,13651921209,Huaquen Run,Run
-32.339897,-71.409984,60.4,4.29K,13651921209,Huaquen Run,Run
-32.339913,-71.409997,60.3,4.29K,13651921209,Huaquen Run,Run
-32.339942,-71.409999,60.1,4.29K,13651921209,Huaquen Run,Run
-32.339973,-71.410003,59.9,4.29K,13651921209,Huaquen Run,Run
-32.34,-71.410012,59.7,4.29K,13651921209,Huaquen Run,Run
-32.340029,-71.410033,59.5,4.29K,13651921209,Huaquen Run,Run
-32.340049,-71.410044,59.4,4.29K,13651921209,Huaquen Run,Run
-32.340071,-71.410059,59.3,4.29K,13651921209,Huaquen Run,Run
-32.340088,-71.410089,59.2,4.29K,13651921209,Huaquen Run,Run
-32.340112,-71.410106,59.1,4.29K,13651921209,Huaquen Run,Run
-32.34014,-71.410128,59.0,4.29K,13651921209,Huaquen Run,Run
-32.340161,-71.410142,59.0,4.29K,13651921209,Huaquen Run,Run
-32.340175,-71.410163,58.9,4.29K,13651921209,Huaquen Run,Run
-32.340186,-71.410194,58.9,4.29K,13651921209,Huaquen Run,Run
-32.340204,-71.410218,58.9,4.29K,13651921209,Huaquen Run,Run
-32.340217,-71.410243,58.8,4.29K,13651921209,Huaquen Run,Run
-32.340235,-71.410263,58.8,4.29K,13651921209,Huaquen Run,Run
-32.340241,-71.410296,58.8,4.29K,13651921209,Huaquen Run,Run
-32.340251,-71.410323,58.8,4.29K,13651921209,Huaquen Run,Run
-32.340261,-71.410349,58.8,4.29K,13651921209,Huaquen Run,Run
-32.340263,-71.410384,58.8,4.29K,13651921209,Huaquen Run,Run
-32.340275,-71.410411,58.8,4.29K,13651921209,Huaquen Run,Run
-32.340279,-71.410447,58.8,4.29K,13651921209,Huaquen Run,Run
-32.340285,-71.410471,58.8,4.29K,13651921209,Huaquen Run,Run
-32.340296,-71.410505,58.7,4.29K,13651921209,Huaquen Run,Run
-32.340293,-71.410539,58.6,4.29K,13651921209,Huaquen Run,Run
-32.340299,-71.410566,58.6,4.29K,13651921209,Huaquen Run,Run
-32.340301,-71.410596,58.5,4.29K,13651921209,Huaquen Run,Run
-32.340308,-71.410622,58.4,4.29K,13651921209,Huaquen Run,Run
-32.340316,-71.410659,58.3,4.29K,13651921209,Huaquen Run,Run
-32.340311,-71.410692,58.1,4.29K,13651921209,Huaquen Run,Run
-32.340314,-71.410719,58.0,4.29K,13651921209,Huaquen Run,Run
-32.34031,-71.410753,57.9,4.29K,13651921209,Huaquen Run,Run
-32.340302,-71.410783,57.7,4.29K,13651921209,Huaquen Run,Run
-32.340306,-71.410813,57.6,4.29K,13651921209,Huaquen Run,Run
-32.340297,-71.410845,57.4,4.29K,13651921209,Huaquen Run,Run
-32.340302,-71.410878,57.3,4.29K,13651921209,Huaquen Run,Run
-32.340289,-71.410909,57.1,4.29K,13651921209,Huaquen Run,Run
-32.340288,-71.410938,57.0,4.29K,13651921209,Huaquen Run,Run
-32.340284,-71.410965,56.8,4.29K,13651921209,Huaquen Run,Run
-32.340282,-71.410993,56.7,4.29K,13651921209,Huaquen Run,Run
-32.340286,-71.411018,56.5,4.29K,13651921209,Huaquen Run,Run
-32.340286,-71.411048,56.3,4.29K,13651921209,Huaquen Run,Run
-32.340269,-71.411081,56.1,4.29K,13651921209,Huaquen Run,Run
-32.340264,-71.411114,55.9,4.29K,13651921209,Huaquen Run,Run
-32.34026,-71.411143,55.7,4.29K,13651921209,Huaquen Run,Run
-32.340261,-71.411174,55.5,4.29K,13651921209,Huaquen Run,Run
-32.340259,-71.411222,55.2,4.29K,13651921209,Huaquen Run,Run
-32.340258,-71.411241,55.1,4.29K,13651921209,Huaquen Run,Run
-32.340258,-71.41126,54.9,4.29K,13651921209,Huaquen Run,Run
-32.340241,-71.411284,54.7,4.29K,13651921209,Huaquen Run,Run
-32.340248,-71.411312,54.5,4.29K,13651921209,Huaquen Run,Run
-32.340242,-71.411339,54.3,4.29K,13651921209,Huaquen Run,Run
-32.340242,-71.411369,54.1,4.29K,13651921209,Huaquen Run,Run
-32.340237,-71.4114,53.9,4.29K,13651921209,Huaquen Run,Run
-32.340235,-71.411435,53.7,4.29K,13651921209,Huaquen Run,Run
-32.340237,-71.411463,53.5,4.29K,13651921209,Huaquen Run,Run
-32.340227,-71.411496,53.2,4.29K,13651921209,Huaquen Run,Run
-32.34022,-71.411518,53.1,4.29K,13651921209,Huaquen Run,Run
-32.340225,-71.41155,52.9,4.29K,13651921209,Huaquen Run,Run
-32.340216,-71.411575,52.7,4.29K,13651921209,Huaquen Run,Run
-32.340216,-71.411606,52.5,4.29K,13651921209,Huaquen Run,Run
-32.340206,-71.411638,52.2,4.29K,13651921209,Huaquen Run,Run
-32.340201,-71.411668,52.0,4.29K,13651921209,Huaquen Run,Run
-32.340207,-71.411698,51.8,4.29K,13651921209,Huaquen Run,Run
-32.340198,-71.411726,51.6,4.29K,13651921209,Huaquen Run,Run
-32.3402,-71.411756,51.4,4.29K,13651921209,Huaquen Run,Run
-32.340202,-71.411791,51.2,4.29K,13651921209,Huaquen Run,Run
-32.340193,-71.411815,51.1,4.29K,13651921209,Huaquen Run,Run
-32.3402,-71.411844,50.9,4.29K,13651921209,Huaquen Run,Run
-32.340194,-71.411874,50.7,4.29K,13651921209,Huaquen Run,Run
-32.340196,-71.411905,50.5,4.29K,13651921209,Huaquen Run,Run
-32.340197,-71.41193,50.3,4.29K,13651921209,Huaquen Run,Run
-32.340191,-71.411956,50.1,4.29K,13651921209,Huaquen Run,Run
-32.340192,-71.411981,49.9,4.29K,13651921209,Huaquen Run,Run
-32.3402,-71.412007,49.7,4.29K,13651921209,Huaquen Run,Run
-32.340202,-71.412036,49.5,4.29K,13651921209,Huaquen Run,Run
-32.340206,-71.412068,49.2,4.29K,13651921209,Huaquen Run,Run
-32.340205,-71.412094,49.0,4.29K,13651921209,Huaquen Run,Run
-32.340219,-71.412119,48.8,4.29K,13651921209,Huaquen Run,Run
-32.340222,-71.41215,48.5,4.29K,13651921209,Huaquen Run,Run
-32.340223,-71.412177,48.3,4.29K,13651921209,Huaquen Run,Run
-32.34023,-71.412211,48.1,4.29K,13651921209,Huaquen Run,Run
-32.340236,-71.412239,47.8,4.29K,13651921209,Huaquen Run,Run
-32.340244,-71.412261,47.7,4.29K,13651921209,Huaquen Run,Run
-32.340253,-71.412291,47.4,4.29K,13651921209,Huaquen Run,Run
-32.340254,-71.412318,47.3,4.29K,13651921209,Huaquen Run,Run
-32.340269,-71.412343,47.0,4.29K,13651921209,Huaquen Run,Run
-32.340276,-71.412372,46.8,4.29K,13651921209,Huaquen Run,Run
-32.340286,-71.412402,46.6,4.29K,13651921209,Huaquen Run,Run
-32.340305,-71.412425,46.5,4.29K,13651921209,Huaquen Run,Run
-32.340317,-71.412455,46.3,4.29K,13651921209,Huaquen Run,Run
-32.340332,-71.412475,46.1,4.29K,13651921209,Huaquen Run,Run
-32.340345,-71.412495,46.0,4.29K,13651921209,Huaquen Run,Run
-32.340354,-71.412516,45.9,4.29K,13651921209,Huaquen Run,Run
-32.340376,-71.412536,45.8,4.29K,13651921209,Huaquen Run,Run
-32.340385,-71.412567,45.8,4.29K,13651921209,Huaquen Run,Run
-32.340402,-71.41259,45.7,4.29K,13651921209,Huaquen Run,Run
-32.34042,-71.412613,45.7,4.29K,13651921209,Huaquen Run,Run
-32.340425,-71.412635,45.6,4.29K,13651921209,Huaquen Run,Run
-32.340444,-71.412662,45.6,4.29K,13651921209,Huaquen Run,Run
-32.340451,-71.412686,45.6,4.29K,13651921209,Huaquen Run,Run
-32.340463,-71.412705,45.6,4.29K,13651921209,Huaquen Run,Run
-32.340476,-71.412733,45.7,4.29K,13651921209,Huaquen Run,Run
-32.340487,-71.412758,45.7,4.29K,13651921209,Huaquen Run,Run
-32.34051,-71.412777,45.8,4.29K,13651921209,Huaquen Run,Run
-32.340526,-71.412801,45.8,4.29K,13651921209,Huaquen Run,Run
-32.340541,-71.412819,45.9,4.29K,13651921209,Huaquen Run,Run
-32.340569,-71.412854,46.0,4.29K,13651921209,Huaquen Run,Run
-32.340579,-71.412867,46.1,4.29K,13651921209,Huaquen Run,Run
-32.34059,-71.41288,46.1,4.29K,13651921209,Huaquen Run,Run
-32.340602,-71.412902,46.2,4.29K,13651921209,Huaquen Run,Run
-32.340616,-71.412925,46.2,4.29K,13651921209,Huaquen Run,Run
-32.340631,-71.412949,46.3,4.29K,13651921209,Huaquen Run,Run
-32.340646,-71.412971,46.4,4.29K,13651921209,Huaquen Run,Run
-32.340665,-71.412991,46.5,4.29K,13651921209,Huaquen Run,Run
-32.340677,-71.413012,46.6,4.29K,13651921209,Huaquen Run,Run
-32.340686,-71.413033,46.7,4.29K,13651921209,Huaquen Run,Run
-32.340704,-71.413054,46.8,4.29K,13651921209,Huaquen Run,Run
-32.340711,-71.413078,47.0,4.29K,13651921209,Huaquen Run,Run
-32.340726,-71.413105,47.1,4.29K,13651921209,Huaquen Run,Run
-32.340747,-71.413117,47.3,4.29K,13651921209,Huaquen Run,Run
-32.340764,-71.413138,47.4,4.29K,13651921209,Huaquen Run,Run
-32.340784,-71.413171,47.6,4.29K,13651921209,Huaquen Run,Run
-32.340792,-71.413194,47.7,4.29K,13651921209,Huaquen Run,Run
-32.340808,-71.413217,47.9,4.29K,13651921209,Huaquen Run,Run
-32.340825,-71.413243,48.0,4.29K,13651921209,Huaquen Run,Run
-32.340835,-71.413264,48.1,4.29K,13651921209,Huaquen Run,Run
-32.34085,-71.413289,48.2,4.29K,13651921209,Huaquen Run,Run
-32.340867,-71.413316,48.4,4.29K,13651921209,Huaquen Run,Run
-32.340881,-71.413336,48.5,4.29K,13651921209,Huaquen Run,Run
-32.3409,-71.413362,48.6,4.29K,13651921209,Huaquen Run,Run
-32.340916,-71.413377,48.8,4.29K,13651921209,Huaquen Run,Run
-32.340926,-71.413401,48.9,4.29K,13651921209,Huaquen Run,Run
-32.340937,-71.413428,49.1,4.29K,13651921209,Huaquen Run,Run
-32.34095,-71.41345,49.2,4.29K,13651921209,Huaquen Run,Run
-32.340965,-71.413479,49.4,4.29K,13651921209,Huaquen Run,Run
-32.340976,-71.413504,49.5,4.29K,13651921209,Huaquen Run,Run
-32.340995,-71.413525,49.7,4.29K,13651921209,Huaquen Run,Run
-32.341014,-71.413549,49.8,4.29K,13651921209,Huaquen Run,Run
-32.341028,-71.413562,49.9,4.29K,13651921209,Huaquen Run,Run
-32.34104,-71.41359,50.1,4.29K,13651921209,Huaquen Run,Run
-32.341051,-71.41362,50.2,4.29K,13651921209,Huaquen Run,Run
-32.341066,-71.413636,50.4,4.29K,13651921209,Huaquen Run,Run
-32.341084,-71.41366,50.5,4.29K,13651921209,Huaquen Run,Run
-32.341094,-71.413685,50.6,4.29K,13651921209,Huaquen Run,Run
-32.341111,-71.413706,50.8,4.29K,13651921209,Huaquen Run,Run
-32.341129,-71.41373,50.9,4.29K,13651921209,Huaquen Run,Run
-32.341142,-71.413744,51.0,4.29K,13651921209,Huaquen Run,Run
-32.341158,-71.413768,51.2,4.29K,13651921209,Huaquen Run,Run
-32.341169,-71.413792,51.3,4.29K,13651921209,Huaquen Run,Run
-32.341186,-71.413812,51.4,4.29K,13651921209,Huaquen Run,Run
-32.341201,-71.41384,51.5,4.29K,13651921209,Huaquen Run,Run
-32.341217,-71.413859,51.6,4.29K,13651921209,Huaquen Run,Run
-32.341232,-71.413874,51.7,4.29K,13651921209,Huaquen Run,Run
-32.341249,-71.413891,51.8,4.29K,13651921209,Huaquen Run,Run
-32.341261,-71.413906,51.9,4.29K,13651921209,Huaquen Run,Run
-32.341277,-71.41393,52.0,4.29K,13651921209,Huaquen Run,Run
-32.341297,-71.413947,52.2,4.29K,13651921209,Huaquen Run,Run
-32.341331,-71.413956,52.3,4.29K,13651921209,Huaquen Run,Run
-32.341346,-71.413954,52.4,4.29K,13651921209,Huaquen Run,Run
-32.34136,-71.413953,52.5,4.29K,13651921209,Huaquen Run,Run
-32.341378,-71.413958,52.6,4.29K,13651921209,Huaquen Run,Run
-32.341399,-71.413967,52.7,4.29K,13651921209,Huaquen Run,Run
-32.341422,-71.41397,52.8,4.29K,13651921209,Huaquen Run,Run
-32.341448,-71.413961,52.9,4.29K,13651921209,Huaquen Run,Run
-32.341464,-71.413952,53.0,4.29K,13651921209,Huaquen Run,Run
-32.341485,-71.413949,53.0,4.29K,13651921209,Huaquen Run,Run
-32.341517,-71.413951,53.1,4.29K,13651921209,Huaquen Run,Run
-32.341539,-71.413942,53.2,4.29K,13651921209,Huaquen Run,Run
-32.341563,-71.413928,53.3,4.29K,13651921209,Huaquen Run,Run
-32.341579,-71.413916,53.4,4.29K,13651921209,Huaquen Run,Run
-32.3416,-71.413901,53.5,4.29K,13651921209,Huaquen Run,Run
-32.341623,-71.413887,53.5,4.29K,13651921209,Huaquen Run,Run
-32.34164,-71.413873,53.6,4.29K,13651921209,Huaquen Run,Run
-32.34166,-71.413856,53.7,4.29K,13651921209,Huaquen Run,Run
-32.341672,-71.413836,53.7,4.29K,13651921209,Huaquen Run,Run
-32.341692,-71.413797,53.8,4.29K,13651921209,Huaquen Run,Run
-32.341699,-71.413784,53.9,4.29K,13651921209,Huaquen Run,Run
-32.341707,-71.413772,53.9,4.29K,13651921209,Huaquen Run,Run
-32.341727,-71.413746,54.0,4.29K,13651921209,Huaquen Run,Run
-32.341736,-71.413717,54.0,4.29K,13651921209,Huaquen Run,Run
-32.34175,-71.413694,54.0,4.29K,13651921209,Huaquen Run,Run
-32.341764,-71.413668,54.1,4.29K,13651921209,Huaquen Run,Run
-32.341776,-71.413643,54.1,4.29K,13651921209,Huaquen Run,Run
-32.341792,-71.413614,54.1,4.29K,13651921209,Huaquen Run,Run
-32.341802,-71.41359,54.1,4.29K,13651921209,Huaquen Run,Run
-32.341812,-71.41356,54.1,4.29K,13651921209,Huaquen Run,Run
-32.34183,-71.41354,54.1,4.29K,13651921209,Huaquen Run,Run
-32.341847,-71.413513,54.1,4.29K,13651921209,Huaquen Run,Run
-32.341865,-71.413484,54.1,4.29K,13651921209,Huaquen Run,Run
-32.341875,-71.41346,54.1,4.29K,13651921209,Huaquen Run,Run
-32.341893,-71.413436,54.1,4.29K,13651921209,Huaquen Run,Run
-32.341904,-71.413408,54.0,4.29K,13651921209,Huaquen Run,Run
-32.341921,-71.413386,54.0,4.29K,13651921209,Huaquen Run,Run
-32.341946,-71.413362,54.0,4.29K,13651921209,Huaquen Run,Run
-32.34196,-71.413344,54.0,4.29K,13651921209,Huaquen Run,Run
-32.341979,-71.413315,54.0,4.29K,13651921209,Huaquen Run,Run
-32.342004,-71.413294,54.0,4.29K,13651921209,Huaquen Run,Run
-32.342027,-71.413278,54.0,4.29K,13651921209,Huaquen Run,Run
-32.34205,-71.413256,54.0,4.29K,13651921209,Huaquen Run,Run
-32.342065,-71.413234,54.0,4.29K,13651921209,Huaquen Run,Run
-32.342087,-71.413211,54.0,4.29K,13651921209,Huaquen Run,Run
-32.342108,-71.413194,54.1,4.29K,13651921209,Huaquen Run,Run
-32.342129,-71.41318,54.1,4.29K,13651921209,Huaquen Run,Run
-32.34217,-71.413155,54.1,4.29K,13651921209,Huaquen Run,Run
-32.342186,-71.413142,54.1,4.29K,13651921209,Huaquen Run,Run
-32.342203,-71.413129,54.1,4.29K,13651921209,Huaquen Run,Run
-32.342225,-71.413112,54.1,4.29K,13651921209,Huaquen Run,Run
-32.342248,-71.413095,54.1,4.29K,13651921209,Huaquen Run,Run
-32.342279,-71.413086,54.1,4.29K,13651921209,Huaquen Run,Run
-32.3423,-71.413079,54.1,4.29K,13651921209,Huaquen Run,Run
-32.342331,-71.413071,54.1,4.29K,13651921209,Huaquen Run,Run
-32.34236,-71.413059,54.1,4.29K,13651921209,Huaquen Run,Run
-32.342391,-71.41305,54.0,4.29K,13651921209,Huaquen Run,Run
-32.342438,-71.413053,54.0,4.29K,13651921209,Huaquen Run,Run
-32.342454,-71.413052,54.0,4.29K,13651921209,Huaquen Run,Run
-32.342469,-71.413051,54.0,4.29K,13651921209,Huaquen Run,Run
-32.342483,-71.413047,54.0,4.29K,13651921209,Huaquen Run,Run
-32.342511,-71.413045,54.1,4.29K,13651921209,Huaquen Run,Run
-32.342534,-71.413044,54.1,4.29K,13651921209,Huaquen Run,Run
-32.342557,-71.413047,54.1,4.29K,13651921209,Huaquen Run,Run
-32.34258,-71.413053,54.2,4.29K,13651921209,Huaquen Run,Run
-32.342595,-71.41306,54.2,4.29K,13651921209,Huaquen Run,Run
-32.342616,-71.413054,54.3,4.29K,13651921209,Huaquen Run,Run
-32.34264,-71.413057,54.3,4.29K,13651921209,Huaquen Run,Run
-32.34267,-71.413043,54.4,4.29K,13651921209,Huaquen Run,Run
-32.342698,-71.413061,54.5,4.29K,13651921209,Huaquen Run,Run
-32.342718,-71.413067,54.6,4.29K,13651921209,Huaquen Run,Run
-32.342745,-71.413066,54.7,4.29K,13651921209,Huaquen Run,Run
-32.342767,-71.413062,54.8,4.29K,13651921209,Huaquen Run,Run
-32.342782,-71.41306,54.8,4.29K,13651921209,Huaquen Run,Run
-32.342804,-71.413069,54.9,4.29K,13651921209,Huaquen Run,Run
-32.342825,-71.413077,55.0,4.29K,13651921209,Huaquen Run,Run
-32.342859,-71.413084,55.1,4.29K,13651921209,Huaquen Run,Run
-32.342895,-71.413083,55.2,4.29K,13651921209,Huaquen Run,Run
-32.34292,-71.413081,55.3,4.29K,13651921209,Huaquen Run,Run
-32.342946,-71.413082,55.4,4.29K,13651921209,Huaquen Run,Run
-32.342983,-71.413089,55.5,4.29K,13651921209,Huaquen Run,Run
-32.343002,-71.413094,55.6,4.29K,13651921209,Huaquen Run,Run
-32.34302,-71.413099,55.7,4.29K,13651921209,Huaquen Run,Run
-32.343042,-71.413091,55.7,4.29K,13651921209,Huaquen Run,Run
-32.343079,-71.413097,55.9,4.29K,13651921209,Huaquen Run,Run
-32.343104,-71.413098,56.0,4.29K,13651921209,Huaquen Run,Run
-32.343134,-71.4131,56.3,4.29K,13651921209,Huaquen Run,Run
-32.343158,-71.413102,56.4,4.29K,13651921209,Huaquen Run,Run
-32.343199,-71.413123,56.8,4.29K,13651921209,Huaquen Run,Run
-32.343215,-71.413135,56.9,4.29K,13651921209,Huaquen Run,Run
-32.34323,-71.413146,57.0,4.29K,13651921209,Huaquen Run,Run
-32.343254,-71.413152,57.2,4.29K,13651921209,Huaquen Run,Run
-32.343272,-71.413149,57.4,4.29K,13651921209,Huaquen Run,Run
-32.343295,-71.41315,57.5,4.29K,13651921209,Huaquen Run,Run
-32.343319,-71.413157,57.7,4.29K,13651921209,Huaquen Run,Run
-32.343348,-71.413167,57.9,4.29K,13651921209,Huaquen Run,Run
-32.343376,-71.413167,58.1,4.29K,13651921209,Huaquen Run,Run
-32.343402,-71.413166,58.3,4.29K,13651921209,Huaquen Run,Run
-32.343426,-71.413165,58.5,4.29K,13651921209,Huaquen Run,Run
-32.343454,-71.413163,58.7,4.29K,13651921209,Huaquen Run,Run
-32.343478,-71.413168,58.8,4.29K,13651921209,Huaquen Run,Run
-32.343506,-71.413181,59.0,4.29K,13651921209,Huaquen Run,Run
-32.343528,-71.413185,59.2,4.29K,13651921209,Huaquen Run,Run
-32.343559,-71.413179,59.4,4.29K,13651921209,Huaquen Run,Run
-32.343594,-71.413177,59.6,4.29K,13651921209,Huaquen Run,Run
-32.343617,-71.413183,59.7,4.29K,13651921209,Huaquen Run,Run
-32.343645,-71.41319,59.9,4.29K,13651921209,Huaquen Run,Run
-32.343666,-71.413199,60.0,4.29K,13651921209,Huaquen Run,Run
-32.343696,-71.413205,60.0,4.29K,13651921209,Huaquen Run,Run
-32.343722,-71.413211,60.0,4.29K,13651921209,Huaquen Run,Run
-32.34374,-71.413217,60.0,4.29K,13651921209,Huaquen Run,Run
-32.343769,-71.413226,60.0,4.29K,13651921209,Huaquen Run,Run
-32.343788,-71.413231,60.0,4.29K,13651921209,Huaquen Run,Run
-32.343812,-71.413227,60.0,4.29K,13651921209,Huaquen Run,Run
-32.343837,-71.413234,60.0,4.29K,13651921209,Huaquen Run,Run
-32.343852,-71.413239,60.0,4.29K,13651921209,Huaquen Run,Run
-32.343872,-71.413245,60.0,4.29K,13651921209,Huaquen Run,Run
-32.34389,-71.413241,60.0,4.29K,13651921209,Huaquen Run,Run
-32.343909,-71.413246,60.1,4.29K,13651921209,Huaquen Run,Run
-32.343931,-71.413244,60.1,4.29K,13651921209,Huaquen Run,Run
-32.343953,-71.413242,60.1,4.29K,13651921209,Huaquen Run,Run
-32.34397,-71.41324,60.1,4.29K,13651921209,Huaquen Run,Run
-32.343991,-71.413245,60.1,4.29K,13651921209,Huaquen Run,Run
-32.344006,-71.413261,60.1,4.29K,13651921209,Huaquen Run,Run
-32.344019,-71.413273,60.1,4.29K,13651921209,Huaquen Run,Run
-32.344041,-71.413283,60.1,4.29K,13651921209,Huaquen Run,Run
-32.344068,-71.413289,60.1,4.29K,13651921209,Huaquen Run,Run
-32.34409,-71.413286,60.1,4.29K,13651921209,Huaquen Run,Run
-32.344112,-71.41329,60.1,4.29K,13651921209,Huaquen Run,Run
-32.344133,-71.413299,60.0,4.29K,13651921209,Huaquen Run,Run
-32.344156,-71.413298,60.0,4.29K,13651921209,Huaquen Run,Run
-32.34418,-71.413307,60.0,4.29K,13651921209,Huaquen Run,Run
-32.344205,-71.413308,60.0,4.29K,13651921209,Huaquen Run,Run
-32.344227,-71.413319,60.0,4.29K,13651921209,Huaquen Run,Run
-32.344246,-71.413324,60.0,4.29K,13651921209,Huaquen Run,Run
-32.344264,-71.413326,60.0,4.29K,13651921209,Huaquen Run,Run
-32.344285,-71.413339,60.0,4.29K,13651921209,Huaquen Run,Run
-32.344306,-71.413345,60.0,4.29K,13651921209,Huaquen Run,Run
-32.344331,-71.413354,60.0,4.29K,13651921209,Huaquen Run,Run
-32.344371,-71.413369,60.0,4.29K,13651921209,Huaquen Run,Run
-32.344384,-71.413372,60.0,4.29K,13651921209,Huaquen Run,Run
-32.344398,-71.413376,60.0,4.29K,13651921209,Huaquen Run,Run
-32.344413,-71.413374,60.0,4.29K,13651921209,Huaquen Run,Run
-32.344434,-71.413372,60.0,4.29K,13651921209,Huaquen Run,Run
-32.34446,-71.413387,60.0,4.29K,13651921209,Huaquen Run,Run
-32.344484,-71.413389,60.0,4.29K,13651921209,Huaquen Run,Run
-32.344515,-71.413388,60.0,4.29K,13651921209,Huaquen Run,Run
-32.344538,-71.413397,60.0,4.29K,13651921209,Huaquen Run,Run
-32.34456,-71.41341,60.0,4.29K,13651921209,Huaquen Run,Run
-32.344581,-71.413424,60.0,4.29K,13651921209,Huaquen Run,Run
-32.344604,-71.413416,60.0,4.29K,13651921209,Huaquen Run,Run
-32.344627,-71.413421,60.0,4.29K,13651921209,Huaquen Run,Run
-32.344651,-71.413428,60.0,4.29K,13651921209,Huaquen Run,Run
-32.34468,-71.413428,59.9,4.29K,13651921209,Huaquen Run,Run
-32.344704,-71.413438,59.9,4.29K,13651921209,Huaquen Run,Run
-32.344722,-71.413446,59.9,4.29K,13651921209,Huaquen Run,Run
-32.344749,-71.413447,59.9,4.29K,13651921209,Huaquen Run,Run
-32.344774,-71.413456,59.9,4.29K,13651921209,Huaquen Run,Run
-32.344797,-71.413454,59.8,4.29K,13651921209,Huaquen Run,Run
-32.344838,-71.413463,59.8,4.29K,13651921209,Huaquen Run,Run
-32.34485,-71.413467,59.8,4.29K,13651921209,Huaquen Run,Run
-32.344862,-71.41347,59.7,4.29K,13651921209,Huaquen Run,Run
-32.344883,-71.413472,59.7,4.29K,13651921209,Huaquen Run,Run
-32.344904,-71.413468,59.7,4.29K,13651921209,Huaquen Run,Run
-32.344942,-71.413481,59.6,4.29K,13651921209,Huaquen Run,Run
-32.344961,-71.413486,59.6,4.29K,13651921209,Huaquen Run,Run
-32.344979,-71.413491,59.6,4.29K,13651921209,Huaquen Run,Run
-32.344997,-71.413496,59.5,4.29K,13651921209,Huaquen Run,Run
-32.345016,-71.413501,59.5,4.29K,13651921209,Huaquen Run,Run
-32.345034,-71.413506,59.5,4.29K,13651921209,Huaquen Run,Run
-32.345055,-71.413506,59.4,4.29K,13651921209,Huaquen Run,Run
-32.345083,-71.413514,59.4,4.29K,13651921209,Huaquen Run,Run
-32.345102,-71.413524,59.3,4.29K,13651921209,Huaquen Run,Run
-32.345126,-71.413524,59.3,4.29K,13651921209,Huaquen Run,Run
-32.34515,-71.413536,59.3,4.29K,13651921209,Huaquen Run,Run
-32.345191,-71.413542,59.2,4.29K,13651921209,Huaquen Run,Run
-32.34521,-71.413548,59.2,4.29K,13651921209,Huaquen Run,Run
-32.345228,-71.413553,59.1,4.29K,13651921209,Huaquen Run,Run
-32.345247,-71.413559,59.1,4.29K,13651921209,Huaquen Run,Run
-32.345265,-71.413564,59.1,4.29K,13651921209,Huaquen Run,Run
-32.345291,-71.413567,59.1,4.29K,13651921209,Huaquen Run,Run
-32.345323,-71.413572,59.1,4.29K,13651921209,Huaquen Run,Run
-32.345362,-71.413576,59.1,4.29K,13651921209,Huaquen Run,Run
-32.345377,-71.413578,59.1,4.29K,13651921209,Huaquen Run,Run
-32.345391,-71.413579,59.1,4.29K,13651921209,Huaquen Run,Run
-32.345408,-71.413581,59.1,4.29K,13651921209,Huaquen Run,Run
-32.345433,-71.413585,59.1,4.29K,13651921209,Huaquen Run,Run
-32.345458,-71.413589,59.1,4.29K,13651921209,Huaquen Run,Run
-32.345489,-71.413589,59.1,4.29K,13651921209,Huaquen Run,Run
-32.34551,-71.413594,59.1,4.29K,13651921209,Huaquen Run,Run
-32.345533,-71.413588,59.1,4.29K,13651921209,Huaquen Run,Run
-32.345551,-71.413604,59.1,4.29K,13651921209,Huaquen Run,Run
-32.345571,-71.413603,59.1,4.29K,13651921209,Huaquen Run,Run
-32.345596,-71.413609,59.1,4.29K,13651921209,Huaquen Run,Run
-32.345618,-71.413617,59.1,4.29K,13651921209,Huaquen Run,Run
-32.345641,-71.413616,59.1,4.29K,13651921209,Huaquen Run,Run
-32.345662,-71.413627,59.0,4.29K,13651921209,Huaquen Run,Run
-32.345683,-71.413625,59.0,4.29K,13651921209,Huaquen Run,Run
-32.345704,-71.413633,59.0,4.29K,13651921209,Huaquen Run,Run
-32.345729,-71.413633,59.0,4.29K,13651921209,Huaquen Run,Run
-32.345754,-71.413636,59.0,4.29K,13651921209,Huaquen Run,Run
-32.345778,-71.413652,59.1,4.29K,13651921209,Huaquen Run,Run
-32.345802,-71.41364,59.1,4.29K,13651921209,Huaquen Run,Run
-32.345836,-71.413644,59.2,4.29K,13651921209,Huaquen Run,Run
-32.345861,-71.413635,59.2,4.29K,13651921209,Huaquen Run,Run
-32.345887,-71.413635,59.3,4.29K,13651921209,Huaquen Run,Run
-32.345908,-71.413645,59.4,4.29K,13651921209,Huaquen Run,Run
-32.345919,-71.413642,59.4,4.29K,13651921209,Huaquen Run,Run
-32.345927,-71.413651,59.4,4.29K,13651921209,Huaquen Run,Run
-32.345928,-71.413654,59.4,4.29K,13651921209,Huaquen Run,Run
-32.345937,-71.413659,59.4,4.29K,13651921209,Huaquen Run,Run
-32.345946,-71.413664,59.5,4.29K,13651921209,Huaquen Run,Run
-32.345959,-71.413664,59.5,4.29K,13651921209,Huaquen Run,Run
-32.345969,-71.41366,59.5,4.29K,13651921209,Huaquen Run,Run
-32.345986,-71.413667,59.6,4.29K,13651921209,Huaquen Run,Run
-32.345999,-71.413673,59.6,4.29K,13651921209,Huaquen Run,Run
-32.346014,-71.413674,59.7,4.29K,13651921209,Huaquen Run,Run
-32.346023,-71.413668,59.7,4.29K,13651921209,Huaquen Run,Run
-32.346032,-71.413663,59.8,4.29K,13651921209,Huaquen Run,Run
-32.346045,-71.413664,59.8,4.29K,13651921209,Huaquen Run,Run
-32.346056,-71.413662,59.8,4.29K,13651921209,Huaquen Run,Run
-32.346071,-71.413665,59.9,4.29K,13651921209,Huaquen Run,Run
-32.346089,-71.413666,59.9,4.29K,13651921209,Huaquen Run,Run
-32.346104,-71.413666,60.0,4.29K,13651921209,Huaquen Run,Run
-32.346117,-71.413674,60.1,4.29K,13651921209,Huaquen Run,Run
-32.346132,-71.413678,60.1,4.29K,13651921209,Huaquen Run,Run
-32.346147,-71.413686,60.2,4.29K,13651921209,Huaquen Run,Run
-32.346158,-71.413689,60.2,4.29K,13651921209,Huaquen Run,Run
-32.34617,-71.41369,60.3,4.29K,13651921209,Huaquen Run,Run
-32.346181,-71.413697,60.3,4.29K,13651921209,Huaquen Run,Run
-32.346192,-71.413704,60.4,4.29K,13651921209,Huaquen Run,Run
-32.346206,-71.413705,60.4,4.29K,13651921209,Huaquen Run,Run
-32.34622,-71.413706,60.5,4.29K,13651921209,Huaquen Run,Run
-32.346232,-71.41371,60.6,4.29K,13651921209,Huaquen Run,Run
-32.346242,-71.413711,60.6,4.29K,13651921209,Huaquen Run,Run
-32.34625,-71.413711,60.7,4.29K,13651921209,Huaquen Run,Run
-32.34626,-71.413712,60.7,4.29K,13651921209,Huaquen Run,Run
-32.346271,-71.413712,60.8,4.29K,13651921209,Huaquen Run,Run
-32.346282,-71.41372,60.8,4.29K,13651921209,Huaquen Run,Run
-32.346291,-71.413729,60.9,4.29K,13651921209,Huaquen Run,Run
-32.346301,-71.41373,60.9,4.29K,13651921209,Huaquen Run,Run
-32.34631,-71.413732,61.0,4.29K,13651921209,Huaquen Run,Run
-32.346317,-71.413732,61.0,4.29K,13651921209,Huaquen Run,Run
-32.346318,-71.413732,61.0,4.29K,13651921209,Huaquen Run,Run
-32.346323,-71.413737,61.1,4.29K,13651921209,Huaquen Run,Run
-32.346331,-71.413726,61.1,4.29K,13651921209,Huaquen Run,Run
-32.346351,-71.41371,61.3,4.29K,13651921209,Huaquen Run,Run
-32.346358,-71.413702,61.3,4.29K,13651921209,Huaquen Run,Run
-32.346368,-71.413697,61.4,4.29K,13651921209,Huaquen Run,Run
-32.346377,-71.413701,61.5,4.29K,13651921209,Huaquen Run,Run
-32.346388,-71.413705,61.5,4.29K,13651921209,Huaquen Run,Run
-32.346405,-71.413709,61.6,4.29K,13651921209,Huaquen Run,Run
-32.346422,-71.413719,61.8,4.29K,13651921209,Huaquen Run,Run
-32.346434,-71.41372,61.8,4.29K,13651921209,Huaquen Run,Run
-32.346444,-71.41372,61.9,4.29K,13651921209,Huaquen Run,Run
-32.346459,-71.413723,62.0,4.29K,13651921209,Huaquen Run,Run
-32.34647,-71.413733,62.1,4.29K,13651921209,Huaquen Run,Run
-32.346475,-71.413738,62.1,4.29K,13651921209,Huaquen Run,Run
-32.346488,-71.413746,62.2,4.29K,13651921209,Huaquen Run,Run
-32.346497,-71.413752,62.3,4.29K,13651921209,Huaquen Run,Run
-32.346509,-71.413747,62.4,4.29K,13651921209,Huaquen Run,Run
-32.346521,-71.413748,62.4,4.29K,13651921209,Huaquen Run,Run
-32.346529,-71.413756,62.5,4.29K,13651921209,Huaquen Run,Run
-32.346539,-71.413757,62.6,4.29K,13651921209,Huaquen Run,Run
-32.346545,-71.413747,62.6,4.29K,13651921209,Huaquen Run,Run
-32.346556,-71.413749,62.7,4.29K,13651921209,Huaquen Run,Run
-32.346575,-71.413748,62.8,4.29K,13651921209,Huaquen Run,Run
-32.346584,-71.413752,62.8,4.29K,13651921209,Huaquen Run,Run
-32.346597,-71.413753,62.9,4.29K,13651921209,Huaquen Run,Run
-32.346611,-71.413753,63.0,4.29K,13651921209,Huaquen Run,Run
-32.346619,-71.413756,63.0,4.29K,13651921209,Huaquen Run,Run
-32.346628,-71.41376,63.1,4.29K,13651921209,Huaquen Run,Run
-32.346638,-71.413764,63.1,4.29K,13651921209,Huaquen Run,Run
-32.346653,-71.413772,63.2,4.29K,13651921209,Huaquen Run,Run
-32.346663,-71.41378,63.2,4.29K,13651921209,Huaquen Run,Run
-32.346673,-71.413779,63.3,4.29K,13651921209,Huaquen Run,Run
-32.346677,-71.413786,63.3,4.29K,13651921209,Huaquen Run,Run
-32.346687,-71.413791,63.4,4.29K,13651921209,Huaquen Run,Run
-32.346703,-71.4138,63.5,4.29K,13651921209,Huaquen Run,Run
-32.346717,-71.413805,63.5,4.29K,13651921209,Huaquen Run,Run
-32.346727,-71.413811,63.6,4.29K,13651921209,Huaquen Run,Run
-32.346737,-71.413815,63.6,4.29K,13651921209,Huaquen Run,Run
-32.346747,-71.413813,63.7,4.29K,13651921209,Huaquen Run,Run
-32.34676,-71.413814,63.7,4.29K,13651921209,Huaquen Run,Run
-32.346772,-71.413815,63.7,4.29K,13651921209,Huaquen Run,Run
-32.346777,-71.413822,63.8,4.29K,13651921209,Huaquen Run,Run
-32.346786,-71.413829,63.8,4.29K,13651921209,Huaquen Run,Run
-32.346799,-71.413834,63.9,4.29K,13651921209,Huaquen Run,Run
-32.346806,-71.413821,63.9,4.29K,13651921209,Huaquen Run,Run
-32.346825,-71.413818,64.0,4.29K,13651921209,Huaquen Run,Run
-32.346837,-71.413822,64.0,4.29K,13651921209,Huaquen Run,Run
-32.346849,-71.413826,64.1,4.29K,13651921209,Huaquen Run,Run
-32.346866,-71.41383,64.1,4.29K,13651921209,Huaquen Run,Run
-32.346872,-71.413833,64.2,4.29K,13651921209,Huaquen Run,Run
-32.346878,-71.413837,64.2,4.29K,13651921209,Huaquen Run,Run
-32.346885,-71.413847,64.2,4.29K,13651921209,Huaquen Run,Run
-32.346893,-71.413848,64.3,4.29K,13651921209,Huaquen Run,Run
-32.346903,-71.413854,64.3,4.29K,13651921209,Huaquen Run,Run
